HomeTeam,AwayTeam,GoalDifference
15,28,1
23,48,1
36,27,1
16,4,0
0,30,-2
22,1,0
18,37,0
38,43,0
14,32,0
31,25,1
26,34,0
4,0,1
48,22,-1
43,15,-2
25,36,1
1,23,0
32,16,0
28,26,2
30,14,1
34,38,2
27,18,-3
37,31,2
43,16,0
48,15,-1
4,26,1
30,18,0
37,14,0
27,22,0
1,38,0
28,23,3
34,36,1
32,31,2
25,0,-2
38,27,-1
36,48,0
22,25,0
16,37,0
23,43,5
18,1,1
26,30,2
0,32,2
15,34,-1
14,4,0
36,1,-2
31,27,-2
38,28,1
16,30,-1
26,32,0
14,34,1
0,37,1
15,4,-2
18,48,0
23,25,0
22,43,0
30,31,2
28,22,0
48,26,-1
25,38,0
32,23,0
27,16,1
37,15,-1
34,0,0
43,36,2
1,14,-2
30,38,1
32,15,-1
37,26,-3
48,0,1
28,36,2
34,22,0
4,31,3
1,16,3
43,18,1
25,14,1
27,23,2
16,32,0
26,28,-1
18,27,-2
14,30,-1
38,34,-1
22,48,1
0,4,-1
36,25,1
31,37,-1
23,1,0
15,43,1
4,18,-1
48,4,0
43,27,0
30,37,1
1,25,2
32,22,2
36,0,0
34,28,0
18,16,-2
38,23,0
26,14,-1
31,15,0
4,32,2
27,34,0
22,36,0
25,48,-1
23,18,2
28,1,-1
14,31,0
16,38,-1
15,30,0
37,43,2
0,26,1
26,31,0
28,27,0
0,14,1
36,38,2
15,16,0
48,1,-1
34,43,3
25,37,1
22,23,2
4,30,6
32,18,1
23,36,2
18,15,0
16,26,0
43,28,0
30,34,1
37,32,1
38,48,0
14,22,1
31,0,-1
27,25,0
1,4,0
31,28,1
28,37,0
4,27,0
48,43,0
22,16,0
34,23,1
36,31,0
15,14,-1
32,1,0
26,38,1
0,18,2
25,30,3
31,22,-1
30,28,0
27,48,-1
14,36,-1
18,26,-2
38,32,1
43,25,2
37,4,0
23,15,0
1,34,2
16,0,-1
31,18,-1
25,28,3
22,38,0
0,15,3
14,16,2
26,23,4
4,43,-2
48,34,-2
1,27,1
36,37,0
32,30,-1
15,26,-1
16,31,0
37,22,0
27,32,3
30,36,1
43,1,0
23,0,3
18,14,-1
28,48,2
34,25,-1
38,4,0
32,28,3
4,34,1
0,27,-1
1,30,-1
48,37,0
22,18,1
36,15,0
26,43,-1
25,16,5
31,38,-1
14,23,1
23,31,-3
16,36,2
38,0,2
15,22,0
43,14,-1
34,32,1
28,4,1
37,1,-1
30,48,1
27,26,1
18,25,1
28,14,0
36,18,1
34,16,-2
23,37,2
43,0,1
27,30,1
38,15,0
1,31,1
22,26,2
48,32,3
25,4,1
32,43,1
4,36,1
18,38,1
14,27,0
15,25,4
26,1,0
37,34,1
0,28,0
16,23,1
31,48,0
30,22,-2
16,48,2
0,22,0
15,1,3
14,38,0
26,36,2
37,27,0
30,43,0
4,23,2
18,28,0
28,16,-1
34,18,2
1,0,1
25,26,0
38,37,-1
27,15,5
48,14,0
22,4,1
23,30,0
43,31,1
0,36,0
16,18,-2
14,26,-2
27,43,3
15,31,-1
23,38,1
22,32,-1
28,34,-1
4,48,0
25,1,-1
37,30,1
31,14,3
36,22,3
32,4,-1
30,15,0
48,25,2
43,37,-2
38,16,1
18,23,2
26,0,-1
1,28,4
34,27,-2
15,32,3
4,15,-3
32,26,-1
48,18,-2
28,38,1
30,16,2
43,22,-2
27,31,2
1,36,2
34,14,0
26,4,1
15,48,-2
31,32,2
38,1,2
36,34,-1
14,37,-2
18,30,-1
22,27,1
16,43,-2
23,28,3
0,25,-1
4,16,-1
34,26,0
32,14,2
25,31,0
27,36,1
1,22,2
37,18,2
28,15,-2
48,23,1
43,38,2
23,27,0
36,28,2
22,34,0
16,1,1
0,48,-1
18,43,-1
14,25,0
38,30,3
38,25,1
23,32,2
14,1,-1
27,38,1
25,22,0
28,31,-1
32,0,-1
43,23,4
1,18,1
34,15,2
48,36,2
37,16,1
30,26,1
4,14,2
36,32,2
26,37,-1
31,34,1
0,23,0
18,32,0
38,36,1
43,34,1
1,48,1
27,28,3
31,26,-2
23,22,1
16,15,0
37,25,0
30,4,0
14,0,1
22,28,-1
36,43,6
30,0,0
15,37,1
18,4,1
31,16,0
48,38,-1
34,30,2
25,27,-1
15,18,-1
4,38,0
48,28,2
32,27,1
26,15,1
25,34,1
1,43,0
36,30,-1
14,18,1
22,37,-1
15,0,-2
34,48,-1
30,32,1
38,22,1
23,26,1
18,31,3
28,25,-1
27,1,0
16,14,0
31,30,-3
22,15,0
25,18,1
0,38,1
1,37,2
48,30,3
26,27,0
32,34,0
14,43,0
36,16,-1
4,28,0
31,23,0
28,32,-1
16,25,0
43,26,2
15,36,-2
27,0,0
30,1,1
18,22,3
23,14,0
38,31,-1
34,4,-3
37,48,0
15,38,2
4,25,3
26,22,2
16,34,0
32,48,4
14,28,4
31,1,-1
30,27,-2
22,14,0
36,23,1
28,0,1
31,4,-2
32,37,0
36,26,0
48,16,4
43,30,4
1,15,0
34,31,1
38,14,1
25,32,1
28,18,-1
27,37,1
23,4,3
22,0,-1
26,25,0
16,28,3
0,1,-1
4,22,1
18,34,-2
15,27,-1
14,48,2
37,38,3
31,43,1
30,23,2
32,36,0
43,32,3
25,15,4
27,14,3
36,4,-2
38,18,0
23,16,0
48,31,1
1,26,2
22,30,2
28,43,3
25,23,2
26,48,0
16,27,-2
4,1,3
0,31,0
37,36,0
23,34,0
37,28,-1
14,15,1
30,25,1
16,22,2
31,36,-2
18,0,0
43,48,0
38,26,-1
1,32,-1
27,4,2
0,34,0
18,36,-2
37,23,0
32,25,1
26,16,0
43,4,-1
37,0,1
0,16,3
22,31,1
28,30,0
25,43,4
36,14,2
26,18,-3
4,37,1
32,38,1
15,23,0
48,27,-1
34,1,1
0,43,-2
34,37,2
25,37,2
14,4,-1
1,34,3
32,22,-3
0,15,-3
26,23,0
29,43,-1
36,42,2
38,18,-2
46,48,-2
30,27,-2
43,0,-1
48,14,0
23,46,1
22,38,1
18,26,1
27,36,3
37,1,0
4,30,-1
42,32,-1
15,29,1
34,25,-2
48,1,0
22,14,1
27,29,0
15,46,0
37,0,-1
23,30,-4
34,38,1
18,36,2
4,32,1
43,26,1
42,25,-5
1,27,-1
36,48,1
0,23,1
32,15,0
26,4,-2
46,37,2
25,43,-1
14,34,2
30,22,1
38,42,4
29,18,1
26,15,0
32,48,0
25,23,2
1,43,1
0,18,2
14,37,0
38,27,-2
46,34,-4
30,42,0
36,22,0
29,4,0
18,1,-1
22,29,0
48,38,1
23,32,1
15,25,1
27,46,3
42,26,-2
43,14,0
37,30,0
4,0,0
34,36,1
0,22,4
30,48,-1
26,34,3
14,27,1
32,18,-1
1,15,0
46,42,0
36,43,0
38,23,-2
25,4,-1
29,37,2
4,46,-2
43,32,5
34,30,0
42,29,0
23,36,1
15,14,0
22,1,-1
18,25,2
37,38,2
27,0,1
48,26,1
29,46,2
0,38,1
36,26,-1
18,30,-4
27,42,2
32,1,0
15,23,-2
14,25,1
4,37,0
22,43,0
48,34,0
30,15,1
46,14,1
42,4,-2
1,29,-2
25,0,0
23,48,4
37,27,-1
38,36,0
34,22,3
43,18,1
26,32,0
14,30,-1
15,38,0
25,32,1
42,18,0
46,1,0
37,48,0
27,43,1
29,34,-1
0,26,0
22,23,0
4,36,0
32,0,0
1,14,1
43,42,0
26,25,0
30,46,0
36,37,0
34,15,4
18,27,-1
23,4,0
38,29,1
48,22,-2
27,34,1
14,32,-1
0,30,0
29,48,4
4,43,1
42,1,-1
25,38,2
22,18,-2
37,23,0
15,36,0
46,26,2
22,37,-3
38,43,1
34,4,1
0,1,-1
15,18,1
36,30,-1
23,14,3
25,46,2
48,42,3
26,27,-1
32,29,-2
1,36,1
4,38,2
46,32,2
14,0,-2
30,26,0
27,48,2
18,34,-3
42,22,0
43,23,0
37,15,0
29,25,3
14,26,0
4,15,1
18,23,0
46,0,0
42,34,1
1,38,-2
37,32,3
27,22,0
29,36,4
43,48,0
48,18,0
0,29,1
32,30,1
26,37,-2
23,42,3
36,14,1
15,27,-1
22,4,1
34,43,0
25,1,1
38,46,-2
27,30,0
43,29,-1
48,46,-1
37,25,2
18,38,1
15,0,1
23,26,1
42,36,0
22,32,0
34,1,0
4,14,2
0,43,0
36,27,-3
32,42,1
46,23,-1
25,34,1
38,22,-1
26,18,1
1,37,0
38,34,-1
46,15,1
36,18,0
29,27,0
1,48,-1
32,4,-1
14,22,0
26,43,-2
25,42,0
0,37,1
30,23,1
23,0,1
43,25,0
18,29,-2
15,32,0
42,38,1
4,26,2
37,46,5
48,36,2
22,30,1
27,1,2
29,23,0
36,25,0
48,15,-1
27,4,0
43,30,-2
22,46,0
34,32,2
38,14,2
18,37,-2
42,0,-4
26,38,0
46,43,-2
14,29,1
25,48,0
37,42,0
32,27,-3
4,18,2
30,1,-1
23,34,0
0,36,3
1,4,-1
43,15,-1
29,26,2
42,14,-2
18,46,-1
48,0,-3
36,32,1
34,37,-1
27,23,0
22,25,-1
38,30,-1
15,42,0
46,36,0
0,34,0
14,18,2
37,43,1
30,29,-1
25,27,0
32,25,-3
48,37,1
18,42,4
30,14,0
26,0,0
38,15,1
43,27,-1
1,46,2
36,4,-1
23,22,0
34,29,-1
37,36,2
14,1,0
15,34,-1
29,38,-1
42,43,1
25,26,1
27,18,1
22,48,0
0,32,0
4,23,1
46,30,0
15,22,1
30,25,0
4,48,3
32,38,1
26,22,1
18,14,2
42,15,2
43,37,-2
34,27,-1
1,23,1
18,22,0
32,14,1
43,4,-2
48,29,2
36,15,0
1,42,5
26,46,0
30,0,0
38,25,2
18,0,0
4,29,1
15,26,4
42,30,0
23,25,2
30,4,0
1,26,0
22,36,1
29,15,4
38,48,1
46,27,0
26,42,1
30,37,0
0,4,1
25,15,1
14,43,1
32,23,0
43,1,0
37,29,-1
34,26,0
22,0,-4
43,36,0
4,25,2
48,30,2
27,14,-1
42,46,0
23,38,0
18,32,1
15,1,-1
26,48,-1
29,42,6
38,37,0
30,34,-1
1,22,-1
36,23,0
25,18,1
14,48,2
23,1,2
36,34,0
27,37,5
34,48,1
43,22,0
46,29,-2
38,0,-4
26,36,0
25,14,1
23,15,1
42,27,0
1,32,-1
37,4,-1
30,18,3
0,27,0
29,22,2
48,23,1
14,46,2
18,43,-1
0,25,1
36,38,0
15,30,1
22,34,-2
4,42,2
32,26,0
36,46,1
22,26,0
48,4,3
29,30,3
38,32,-2
27,25,1
37,14,2
1,18,0
23,29,0
0,42,0
25,36,-1
46,22,1
37,18,4
4,27,2
30,43,-1
14,38,2
32,34,3
26,1,3
15,48,-1
27,32,1
48,25,0
42,37,-1
1,30,0
38,26,-1
29,14,0
22,15,-2
43,46,-3
36,0,0
18,4,-3
34,23,-4
30,38,-1
26,29,1
15,43,1
37,34,2
46,18,-1
25,22,1
4,1,1
34,14,0
38,4,2
48,27,1
25,29,-2
22,42,0
32,46,-1
26,30,0
34,18,1
0,14,1
36,1,-1
15,37,0
23,43,2
0,48,0
29,32,1
30,36,-1
1,0,-1
18,15,0
43,38,3
14,23,0
37,22,5
42,48,-2
27,26,2
46,25,-1
4,34,0
48,32,3
34,0,0
46,4,-1
29,1,4
14,42,2
23,27,-2
38,1,3
32,37,0
26,14,0
48,43,1
0,46,-2
25,30,-1
23,18,3
34,42,-2
36,29,2
22,27,-1
15,4,1
23,37,0
34,46,0
32,36,0
27,38,2
14,15,-1
32,43,-2
18,48,1
37,26,0
46,38,0
30,32,0
14,36,1
29,0,2
43,34,-1
42,23,-5
4,22,0
1,25,1
27,15,0
18,1,0
22,31,-1
38,4,0
46,23,0
0,26,3
15,48,0
27,34,2
14,30,2
37,43,-1
16,25,-5
24,29,-2
31,27,0
23,0,1
48,22,0
4,24,3
34,37,1
29,15,4
1,38,0
43,18,1
30,16,0
26,46,3
4,15,4
30,46,1
34,22,-1
26,18,4
31,24,1
29,38,4
43,27,-1
23,14,-1
1,16,0
48,37,-1
25,0,3
15,1,-1
18,31,-1
22,43,-2
16,23,-1
37,30,0
14,26,3
38,25,-2
46,29,-2
27,48,3
24,34,0
0,4,0
31,37,3
4,18,3
25,46,0
29,14,2
1,22,2
30,0,0
34,15,0
26,16,0
48,24,1
23,27,1
43,38,-1
18,34,0
15,23,1
24,43,2
46,1,1
27,25,2
16,48,0
22,30,-1
38,31,0
37,26,0
14,4,-1
0,29,-1
22,27,1
34,48,-1
4,1,2
15,38,-2
16,14,-1
43,31,-3
18,24,0
29,25,0
26,30,2
46,0,-2
37,23,0
30,4,1
25,37,3
38,22,2
48,43,-1
0,16,-1
1,29,-2
27,18,2
23,26,2
14,46,-1
31,34,1
24,15,0
48,0,-2
14,24,4
25,1,1
30,23,1
26,31,0
38,18,2
37,27,1
43,34,0
46,16,1
29,4,0
15,22,2
4,25,1
27,46,1
18,15,-2
16,29,-1
34,26,-1
1,30,0
0,14,2
23,43,0
24,38,1
22,37,-1
31,48,2
1,31,-2
25,48,3
29,37,1
30,34,2
16,18,1
26,43,3
46,38,2
4,27,-2
14,22,2
0,15,1
23,24,1
34,1,2
27,29,2
31,4,-2
15,26,1
24,16,-1
18,0,0
38,23,-2
37,14,0
43,46,2
22,25,-2
48,30,1
34,25,1
22,23,2
18,46,1
38,30,0
15,16,-3
37,4,-1
26,38,0
29,34,1
25,31,1
23,48,2
30,18,0
16,22,3
46,24,1
4,43,2
0,37,0
14,15,0
1,27,-1
31,29,0
48,1,1
25,14,2
27,26,5
37,46,1
43,1,-1
15,30,1
38,0,1
22,4,-2
34,23,1
48,29,1
27,16,3
31,14,-1
24,26,-1
18,25,2
24,0,1
43,14,0
25,43,0
30,24,1
26,48,2
29,22,0
46,15,-1
4,34,4
16,38,0
23,31,1
0,27,0
14,18,-1
1,37,0
27,30,1
37,16,1
15,25,0
24,1,0
43,29,2
22,26,-1
31,0,0
38,14,-1
48,4,-3
34,46,1
18,23,3
43,37,2
4,38,1
1,18,0
31,22,3
34,27,-1
48,15,2
30,14,3
29,24,2
23,46,0
25,16,0
26,0,-1
22,48,0
24,4,0
15,29,0
27,31,-1
0,23,-2
16,30,-1
18,43,0
37,34,-2
46,26,3
14,25,0
38,1,1
14,27,-1
24,25,-1
0,1,0
15,31,0
30,43,-2
26,4,-2
38,48,-1
23,29,0
16,34,0
46,22,0
18,37,-3
31,30,1
43,16,0
48,46,1
25,26,2
37,15,4
1,14,3
34,38,0
22,0,-2
27,24,0
26,1,0
0,34,-2
24,37,-1
16,4,-1
18,22,3
23,25,-2
46,31,2
14,48,0
15,43,-4
30,29,1
38,27,0
22,24,3
29,26,0
31,16,1
4,46,2
43,0,1
1,23,0
37,38,0
48,18,1
25,30,4
27,15,2
1,34,1
46,43,-1
16,24,2
0,18,0
14,37,0
4,31,3
23,38,0
26,15,0
30,48,-1
25,22,-1
29,27,0
31,1,-1
22,14,0
37,29,0
15,0,-1
18,16,2
27,4,1
46,37,-2
25,18,0
0,38,0
23,34,4
30,15,0
26,24,-1
16,27,0
14,31,-2
1,43,1
29,48,1
4,22,3
29,18,2
4,23,0
31,25,0
48,23,0
37,0,2
18,30,1
34,29,3
38,26,0
24,46,-1
22,16,-2
27,1,1
15,14,0
43,4,2
16,15,-2
25,34,0
26,27,-3
29,31,1
14,43,0
0,24,0
1,48,6
30,38,0
4,37,2
46,18,0
15,46,2
37,1,-1
0,31,1
26,22,2
30,27,-2
23,18,1
4,48,1
1,24,0
15,24,2
29,1,2
37,25,-1
22,38,1
26,23,0
46,14,-1
43,48,-1
4,30,0
18,27,1
16,0,-3
34,31,0
22,29,-2
24,18,0
27,22,9
25,29,2
48,34,-2
23,37,-1
38,15,0
1,4,-1
30,26,0
31,43,0
14,16,0
0,46,-1
1,15,0
48,27,-1
30,37,0
26,14,-1
31,18,1
34,24,2
4,0,2
43,22,3
29,46,2
15,4,0
46,30,0
14,23,-3
37,48,-1
24,31,-2
16,37,1
25,15,-1
24,23,-2
34,30,2
38,46,0
18,26,0
27,43,0
1,46,-2
34,18,-1
4,14,1
23,15,3
31,38,3
26,37,1
48,16,2
43,24,1
29,0,1
25,27,2
30,22,3
48,26,2
27,0,3
43,25,0
31,23,3
38,29,2
34,14,1
0,30,4
14,29,0
15,34,-1
16,26,1
37,31,-6
22,1,-1
18,4,-1
24,48,-1
27,23,0
38,43,1
34,4,-1
16,1,0
23,22,4
24,30,1
25,38,2
37,24,1
34,0,2
29,30,3
31,46,0
25,23,-1
48,14,0
43,26,1
22,34,-1
14,38,-2
0,25,-1
30,31,-1
26,25,1
46,48,3
16,43,0
18,29,2
24,27,-4
23,4,0
0,22,3
15,37,2
14,1,1
38,34,1
25,24,2
1,0,-4
27,14,0
37,18,0
34,16,-1
48,38,-2
29,23,-1
31,15,2
22,46,0
4,26,-1
43,30,1
4,16,1
14,34,1
23,1,1
26,29,0
38,37,0
24,22,2
16,31,-1
30,25,-1
18,48,0
0,43,0
46,4,2
15,27,-1
48,25,0
38,16,2
18,14,0
29,43,0
46,34,0
1,26,0
0,48,0
23,30,1
1,25,2
18,38,0
16,46,1
22,15,2
24,14,0
34,43,1
31,26,1
27,37,1
4,29,1
23,16,2
43,15,-2
22,18,-1
46,25,3
27,38,1
48,31,0
43,23,0
25,4,1
29,16,1
15,18,0
37,22,3
46,27,0
26,34,-1
38,24,0
14,0,1
30,1,0
48,6,1
29,15,3
26,43,0
1,27,2
4,34,1
25,37,1
14,18,0
38,31,-1
46,23,-1
0,28,0
23,25,1
6,29,-2
37,4,1
27,46,1
15,26,1
34,48,-3
31,14,0
43,1,-1
18,0,-2
6,4,1
15,0,0
27,48,2
31,46,0
43,25,-2
23,1,2
28,14,2
34,26,1
18,38,2
37,29,-2
4,27,-1
0,31,0
29,28,1
46,43,0
14,15,0
26,18,-2
38,23,0
48,37,0
25,34,1
1,6,1
34,37,-3
48,25,1
18,27,-1
6,28,0
38,29,1
4,1,0
15,31,0
43,23,1
26,0,-1
46,14,-2
28,38,0
1,48,2
37,43,-2
27,6,3
14,38,3
0,46,1
28,15,1
29,26,2
23,34,-2
25,4,3
31,18,1
0,38,2
37,27,0
26,28,-1
1,31,0
4,15,4
46,18,1
25,6,3
48,23,-2
29,14,2
34,43,-1
6,34,-1
23,37,2
43,48,2
28,4,2
31,26,3
14,0,1
15,1,-3
27,25,0
18,29,-2
38,46,0
6,18,0
27,26,1
43,31,-1
1,14,-1
4,38,1
23,0,-3
25,15,0
34,29,-1
37,28,-1
48,46,-1
31,6,1
29,48,5
28,34,1
15,37,-1
14,27,-3
26,23,0
46,4,0
0,1,2
38,25,-2
18,43,0
27,28,2
4,14,3
48,38,-1
37,46,-1
1,18,1
25,26,6
34,31,0
23,15,2
43,29,0
6,0,1
38,34,2
46,1,-3
14,37,0
26,6,1
29,25,1
28,23,0
0,27,1
15,43,-1
18,4,1
31,48,3
29,4,1
25,18,-1
4,31,7
43,0,1
6,46,-3
27,38,3
1,29,0
48,28,0
37,26,0
23,14,1
34,15,0
38,1,-1
28,43,-1
0,37,2
15,27,-4
26,48,1
46,25,0
14,6,1
18,34,2
46,34,1
38,6,1
26,1,1
28,25,1
18,37,0
29,23,1
15,48,0
14,43,0
0,4,0
31,27,0
27,14,0
23,26,-1
43,18,0
34,28,0
25,38,0
6,31,0
1,0,0
4,46,2
48,29,0
37,15,1
27,37,0
14,29,1
43,34,1
6,25,-1
28,26,3
15,4,5
38,0,0
23,48,0
31,1,0
18,46,3
4,28,1
37,23,4
46,38,1
1,15,3
34,6,1
29,18,1
48,43,-1
0,14,0
25,27,2
26,31,0
28,46,2
25,0,2
29,31,2
15,18,1
43,6,0
26,14,-1
48,4,0
34,1,1
37,38,0
23,27,2
4,26,2
0,34,3
18,28,4
14,48,-1
38,43,0
31,37,1
6,23,-2
27,29,2
14,25,0
4,43,1
31,28,1
27,34,1
0,48,-2
18,23,2
6,15,-1
43,27,3
37,6,2
25,31,2
48,18,-1
23,4,0
28,1,-2
26,46,1
15,38,0
34,14,-1
29,0,2
37,25,0
23,46,2
27,1,0
31,38,1
28,0,-1
18,14,0
34,4,-1
43,26,1
6,48,1
15,29,-1
25,23,5
38,28,1
0,18,-1
26,15,0
14,31,1
4,37,3
48,34,1
29,6,1
1,43,1
46,27,-1
31,23,1
46,15,1
1,25,-2
38,26,0
0,15,0
48,27,-2
25,43,0
26,34,2
29,37,2
1,23,3
46,31,1
38,18,0
4,6,2
14,28,5
31,0,-1
15,14,1
18,26,2
28,29,-1
6,1,-2
37,48,1
27,4,1
34,25,-1
43,46,-1
37,34,-2
14,46,-1
28,6,-3
46,29,2
27,18,2
4,25,-1
38,14,-1
18,31,3
26,29,0
15,28,0
43,37,1
48,1,0
46,0,-1
6,27,-6
1,4,2
28,18,-2
34,0,0
15,46,0
48,14,0
37,31,-2
23,6,-1
26,4,0
43,38,1
25,1,3
29,27,-1
0,26,2
1,37,1
34,23,-1
1,34,2
18,15,0
46,28,2
14,26,0
25,48,0
4,23,1
43,4,-1
15,6,-2
34,27,0
28,31,0
48,0,-3
25,14,2
26,38,1
37,1,2
23,18,0
29,46,3
1,28,0
6,43,-1
38,37,-1
27,0,1
46,26,2
18,48,-2
6,37,1
0,29,2
14,34,0
31,25,1
27,43,1
38,15,1
6,26,0
34,38,3
48,31,1
23,28,-1
43,15,2
4,18,-3
23,38,1
25,29,1
28,37,2
15,25,1
38,4,1
18,6,3
0,23,1
29,34,1
31,43,1
26,27,-1
46,48,0
14,1,-1
48,26,3
25,46,2
1,38,3
6,14,1
37,0,1
27,15,1
43,28,0
34,18,2
4,29,1
23,31,-2
14,23,3
38,27,2
28,48,-1
15,34,1
26,37,1
46,6,1
31,4,-4
29,1,1
0,43,0
18,25,0
31,15,0
29,38,1
27,23,1
4,48,1
37,14,0
1,46,0
48,15,-2
43,14,0
6,38,-1
1,26,-1
4,0,0
34,46,3
37,18,-3
25,28,1
27,31,5
23,29,-1
0,25,0
23,43,-2
31,29,0
31,34,3
46,37,0
0,6,1
26,25,0
14,4,-1
38,48,0
29,43,0
28,27,-3
18,1,1
15,23,0
15,31,-3
18,29,2
28,25,0
48,27,-3
4,43,-2
40,24,0
37,1,1
0,46,2
17,23,0
38,14,0
25,0,2
23,37,-2
43,17,0
24,38,1
14,28,1
27,18,0
31,40,-3
1,4,1
29,48,2
46,15,0
14,15,2
29,37,-1
1,17,2
46,38,1
43,18,0
25,40,0
31,28,0
24,0,-2
27,4,0
23,48,1
37,24,1
17,27,0
18,1,-1
38,31,0
48,43,1
28,46,3
0,14,0
4,23,-1
40,29,-1
15,25,-1
25,38,1
48,18,4
37,14,-2
1,0,0
23,27,-4
43,29,-1
31,24,0
28,15,4
40,46,0
4,17,-1
38,43,-1
18,28,-1
17,40,1
15,23,1
29,4,1
46,48,-2
27,31,3
14,1,0
24,25,-3
0,37,3
1,27,0
4,18,0
31,46,-2
37,17,0
28,0,-2
23,29,-1
25,14,4
40,15,1
43,24,-1
48,38,2
24,23,1
18,37,2
17,48,-2
38,28,4
14,31,0
15,4,0
0,40,2
27,43,2
46,25,-1
29,1,1
24,14,-2
43,1,1
27,25,1
17,29,-1
48,37,2
23,31,2
18,46,1
4,0,-2
15,38,0
40,28,0
38,40,3
14,48,-2
46,24,1
1,23,2
0,15,0
31,17,0
37,4,0
28,43,-3
29,27,5
14,43,2
24,29,2
38,27,3
28,48,0
46,4,1
15,37,0
0,23,3
40,1,1
25,17,1
31,18,-1
23,40,3
1,31,2
43,46,1
48,0,0
17,24,2
27,14,-1
37,38,0
29,28,2
4,25,3
18,15,0
48,15,0
43,40,2
4,14,0
18,38,6
29,46,0
23,25,-2
1,24,-2
27,0,1
17,28,1
37,31,2
25,18,0
15,1,-1
40,37,0
14,29,0
25,48,0
24,18,-1
46,17,0
38,23,-2
28,27,0
0,43,2
31,4,0
18,40,-2
48,31,1
17,15,1
37,46,0
4,38,1
1,28,1
29,0,-1
27,24,2
23,14,2
43,25,-2
28,24,-2
0,38,2
46,1,-2
38,1,-1
15,43,-1
0,17,0
14,18,0
24,4,0
25,37,-1
28,23,0
40,48,-2
46,27,0
31,29,0
48,4,1
23,43,0
25,28,4
40,14,3
17,18,-1
25,31,2
15,29,1
37,27,0
24,15,-2
14,46,2
31,0,1
18,23,0
27,40,5
43,37,0
38,17,2
1,48,5
29,25,0
37,0,0
31,27,-4
25,24,0
40,17,2
4,29,1
23,15,-2
28,18,2
1,14,-2
43,38,2
24,31,0
15,28,3
0,1,0
17,4,0
14,37,0
29,43,6
27,23,1
18,48,-2
46,40,2
38,25,-1
14,25,1
27,1,0
46,31,-1
18,4,-2
29,23,3
0,28,2
15,40,0
23,24,3
25,46,0
37,18,1
1,29,0
40,0,1
48,17,0
4,15,4
28,38,-1
31,14,2
43,27,-1
28,37,2
14,17,2
40,4,0
24,48,1
15,27,-2
38,29,0
25,1,3
0,18,2
31,43,1
46,23,-2
46,0,-1
29,18,3
31,15,-1
43,4,1
27,48,1
23,17,0
24,40,0
1,37,-1
37,15,0
18,31,2
27,38,1
43,14,-1
48,28,0
4,46,1
23,0,0
17,25,-1
1,40,1
29,24,1
43,0,0
17,46,1
17,37,0
1,15,1
0,27,-1
25,23,4
25,4,0
38,37,-1
40,23,-1
24,17,2
15,18,0
31,1,0
28,29,-1
14,27,0
0,48,-1
46,43,1
38,48,0
23,46,1
18,0,-2
43,31,-1
27,15,2
37,28,2
4,40,1
29,38,-1
17,14,1
48,24,-2
1,25,1
15,48,0
40,43,-4
24,1,1
31,37,-3
28,17,5
14,4,0
38,18,0
0,31,2
15,24,0
23,18,1
40,27,1
25,29,1
4,31,0
23,38,0
37,40,1
46,14,1
24,28,-2
43,23,1
38,0,-2
31,25,0
18,17,1
27,37,2
1,46,0
4,48,2
29,15,4
14,40,4
48,46,0
24,43,0
14,38,1
28,4,1
17,43,2
28,14,1
15,46,-2
4,1,-2
40,31,0
18,27,-2
37,23,0
38,24,0
48,29,0
0,25,-1
28,31,0
27,17,-1
29,40,0
14,0,-3
43,48,1
1,18,2
31,38,-2
25,15,-1
23,4,0
18,24,0
37,43,1
17,38,0
48,1,-2
46,28,0
15,14,2
38,46,2
4,27,-1
0,24,2
18,43,1
17,1,1
40,25,-1
37,29,0
29,14,2
48,23,2
18,25,0
14,24,1
0,4,0
38,15,0
1,43,0
28,40,-1
46,18,0
25,27,-2
37,48,2
31,23,0
29,17,2
15,0,0
23,1,0
48,14,-1
40,38,-1
4,37,3
17,31,0
24,46,-1
43,28,1
31,48,0
38,4,2
46,37,4
15,17,-1
24,27,0
28,1,1
0,29,-1
40,18,3
25,43,1
14,23,0
27,28,0
48,25,1
46,29,0
24,37,1
4,28,0
27,29,0
48,40,1
4,24,-2
17,0,-2
23,28,0
37,25,0
43,15,-1
18,14,-1
29,31,5
27,46,2
1,38,1
15,14,1
29,37,1
38,6,-1
18,16,-1
24,1,1
48,25,0
2,46,-1
23,0,0
4,17,1
43,27,-2
0,15,2
16,2,-1
27,38,1
46,43,1
25,24,-1
1,4,-4
37,23,-2
38,0,-2
23,16,-2
4,25,0
43,17,1
24,27,0
18,46,1
48,37,0
29,1,1
15,6,0
2,14,-6
4,37,5
23,25,-2
18,27,-2
48,14,-2
43,1,1
38,16,1
15,46,0
24,0,0
2,6,1
14,38,2
17,2,1
27,15,3
16,4,-1
1,23,1
46,48,2
0,43,0
37,24,1
6,18,0
24,43,3
0,6,3
17,18,2
15,38,1
29,48,-2
16,14,-3
27,46,1
2,1,-3
25,37,1
4,23,-1
43,4,0
23,24,-1
18,2,2
38,25,0
37,15,0
46,29,-1
48,16,-1
1,17,1
6,27,0
14,0,-1
25,1,3
48,2,3
6,43,0
29,18,1
15,16,0
37,17,-3
27,14,0
38,23,-2
24,4,0
0,46,4
46,25,1
2,24,-2
18,0,0
14,29,1
1,37,0
23,27,1
16,6,0
17,38,4
43,48,0
4,15,0
37,18,2
15,23,0
38,46,3
29,43,1
0,2,5
48,4,-1
27,16,2
6,1,-1
25,14,2
24,17,-1
18,25,2
14,24,1
4,38,1
1,48,-1
17,27,0
23,29,3
46,6,3
16,0,0
43,37,1
2,15,2
17,48,0
38,43,1
48,23,1
15,18,0
27,2,7
29,4,0
37,16,-2
25,17,4
0,1,0
6,14,1
24,46,1
27,37,5
6,25,0
29,24,0
2,4,0
48,15,-1
1,14,-2
17,0,3
43,23,-1
18,38,-2
16,1,0
25,43,4
23,17,1
37,6,5
4,18,1
38,2,3
15,29,0
0,27,1
14,46,1
24,48,-1
48,27,-3
1,18,1
37,0,2
29,38,1
24,6,0
4,14,1
17,15,2
25,2,-1
23,46,2
43,16,-1
14,18,2
38,37,-1
2,23,-1
15,24,-2
6,48,1
46,1,1
18,43,-2
14,17,4
16,29,-1
27,4,4
0,25,-1
6,29,1
46,16,3
17,46,2
1,15,3
25,27,-2
29,0,-1
4,6,2
43,14,-5
24,16,0
23,18,0
48,38,1
37,2,1
46,37,1
38,24,1
0,4,-2
14,23,0
2,29,0
16,25,-3
15,43,4
18,48,0
6,17,0
27,1,1
29,17,0
23,6,2
4,46,3
24,18,-1
43,2,3
1,38,0
37,14,-3
17,16,0
25,15,1
29,27,-1
46,15,1
16,38,0
1,43,3
27,18,2
25,23,2
37,4,0
17,29,1
0,24,1
14,48,0
6,2,0
29,25,-1
23,1,0
24,37,0
43,0,0
48,46,-1
2,17,1
15,27,1
4,16,0
18,6,1
38,14,1
27,43,2
0,23,1
14,15,2
6,38,0
1,24,0
46,2,6
37,29,1
25,48,2
16,18,-2
17,4,2
2,16,1
24,25,0
4,1,5
43,46,1
48,17,0
15,0,0
23,37,-1
29,6,1
18,14,2
38,27,1
25,29,1
16,23,-2
14,2,2
37,48,0
25,4,0
0,38,3
6,15,-4
17,43,1
46,18,0
27,24,-1
1,29,-1
27,6,0
4,43,-3
24,23,1
17,1,-1
25,38,-1
2,18,0
29,46,-1
15,37,1
0,14,2
16,48,-3
18,17,-1
43,24,0
37,25,0
38,15,-1
1,27,-2
0,16,1
24,14,2
37,43,1
48,1,1
38,4,3
27,17,2
15,2,1
6,46,0
29,23,0
25,18,0
23,38,-1
18,29,0
1,25,1
4,24,2
2,48,1
17,37,3
16,15,-3
14,27,-1
43,6,1
46,0,0
23,43,1
25,6,1
37,27,2
38,18,1
14,1,-1
48,0,-1
23,4,4
14,16,4
46,27,0
1,2,-1
1,16,2
2,38,1
43,25,0
46,14,1
6,37,1
48,24,1
18,4,1
27,0,-1
29,15,0
17,23,-5
29,16,-1
15,17,1
0,37,1
18,1,-3
16,43,-2
6,24,2
27,48,2
2,25,-1
38,29,1
46,23,3
6,0,-1
48,29,0
4,2,1
1,46,2
24,15,0
43,18,0
48,6,0
37,38,1
23,2,1
17,14,-1
4,27,-2
23,14,2
27,25,0
16,24,-3
18,23,2
0,29,2
6,4,1
46,17,0
38,48,-1
15,1,-1
14,43,2
2,37,1
29,2,1
17,6,4
4,0,-3
48,18,0
43,15,0
37,46,0
25,16,1
24,38,0
27,29,0
16,17,2
18,24,0
6,23,-1
38,1,-1
2,43,0
46,4,1
0,48,5
15,25,0
14,37,1
43,29,2
14,25,3
1,6,-2
18,37,-2
4,48,0
46,38,-2
23,15,0
2,0,-2
17,24,-4
16,27,-3
0,17,1
15,48,0
24,29,0
14,4,-1
15,4,2
24,2,1
38,17,-2
6,16,3
37,1,-2
25,46,5
48,43,-4
29,14,2
0,18,4
27,23,3
16,46,0
25,0,4
23,48,0
46,24,1
2,27,-2
4,29,1
43,38,0
14,6,2
1,0,1
18,15,0
17,25,1
16,37,1
18,1,0
37,46,-1
15,14,1
28,23,0
27,24,0
48,43,2
29,13,0
4,17,0
38,25,-1
0,31,1
31,15,1
25,0,0
43,37,-3
14,29,0
24,18,2
46,27,0
17,48,0
13,38,5
1,28,2
23,4,1
15,46,0
18,43,-1
0,13,0
37,1,-1
28,17,0
4,24,1
48,23,0
38,31,-1
29,25,-3
31,18,-2
14,0,0
27,13,3
1,29,1
43,4,1
17,37,1
46,48,-1
24,28,-1
23,38,3
25,15,2
18,23,0
27,15,2
1,48,2
37,4,3
24,0,0
14,31,1
46,25,1
29,38,4
13,17,-1
43,28,-3
25,13,0
15,29,-4
23,1,0
17,24,2
48,37,1
28,18,0
38,43,0
31,46,0
0,27,3
4,14,-1
27,25,2
1,17,1
37,0,1
18,4,0
13,15,0
14,28,2
29,31,2
43,23,0
24,48,0
46,38,1
31,13,-1
38,27,-3
48,18,-1
17,43,-1
15,1,-1
28,37,4
23,24,-1
4,46,3
0,29,3
25,14,0
28,4,1
46,1,0
18,25,0
0,38,0
27,48,4
29,17,1
31,23,0
14,13,1
15,37,1
24,43,1
25,31,4
48,28,0
1,24,0
38,15,1
17,27,0
37,18,0
13,46,2
43,29,2
4,0,-1
23,14,0
18,27,-3
37,38,0
24,25,1
15,0,-1
17,23,0
29,46,-3
48,4,0
28,31,0
43,13,0
13,24,0
4,15,-1
31,48,-1
38,28,0
25,17,-1
1,43,1
46,14,0
0,18,1
27,29,0
23,37,1
29,37,0
13,28,0
38,1,-3
14,48,3
27,4,1
46,24,1
25,23,-2
0,43,0
15,18,3
31,17,0
4,38,-2
28,15,2
24,14,-2
37,27,2
1,25,-2
43,31,2
23,13,3
48,0,1
17,46,-2
18,29,1
13,18,-1
38,17,-1
15,24,0
46,43,1
29,48,2
14,37,0
31,1,0
25,4,2
0,28,0
27,23,1
24,38,2
4,13,1
23,46,4
18,14,0
43,25,1
1,27,0
17,0,0
48,15,1
28,29,0
37,31,1
14,1,1
4,29,0
17,14,0
28,46,1
37,13,3
24,31,2
18,38,1
43,27,0
48,25,1
1,0,1
23,15,2
27,14,0
46,18,1
25,37,2
31,4,0
29,24,1
15,17,0
14,43,2
27,28,-1
38,48,2
0,23,2
13,1,-1
18,17,0
27,31,3
29,23,-3
4,1,1
37,24,-1
38,14,-2
15,43,0
48,13,1
28,25,-2
0,46,1
25,29,2
13,0,-1
43,18,3
46,15,2
17,28,1
1,37,1
24,4,0
31,38,0
14,27,0
23,48,0
37,43,0
29,14,-1
18,24,0
48,17,1
15,31,4
0,25,0
38,13,2
28,1,0
4,23,1
27,46,3
25,38,6
14,15,1
31,0,-1
46,37,-4
43,48,0
24,27,-4
17,4,1
23,28,2
13,29,0
1,18,3
37,17,-1
38,23,3
18,31,-1
48,46,0
4,43,0
28,24,0
29,1,1
15,25,1
13,27,-1
0,14,1
27,17,1
14,38,1
24,37,-2
43,15,0
1,4,-2
31,27,-7
25,28,2
23,29,-1
46,0,-4
17,18,1
13,48,2
13,25,1
46,31,1
29,15,3
18,28,5
14,4,0
1,23,-1
27,0,0
4,37,-3
28,43,0
0,24,5
23,18,1
25,46,0
31,14,-2
38,29,1
17,13,-2
15,27,-1
48,1,0
14,25,1
13,31,0
43,17,0
18,48,0
1,15,-3
27,38,1
46,4,2
37,28,2
29,0,0
24,23,-1
43,38,3
37,48,-1
15,13,1
38,46,1
48,24,-1
0,37,3
17,1,1
23,43,2
4,18,-1
31,29,-1
37,23,-2
24,13,0
48,31,-2
15,4,0
43,1,1
18,0,-2
17,25,1
14,46,-1
29,27,-1
28,38,3
38,37,1
23,17,3
46,29,2
0,15,2
4,48,2
31,28,-1
1,14,-3
27,18,2
1,46,0
25,18,1
13,14,-1
38,0,0
43,24,-2
17,29,-1
48,27,0
4,28,0
23,31,2
37,15,-1
15,38,1
18,37,-1
28,48,2
31,25,0
29,43,0
46,13,-1
24,1,0
0,4,1
17,31,1
24,46,0
28,13,2
1,38,3
18,15,2
48,14,-1
23,25,0
28,14,0
13,23,0
38,4,0
25,1,-1
29,18,-2
31,43,-1
27,37,3
15,28,-1
46,17,4
14,24,0
0,48,4
13,43,-3
25,24,-1
37,29,0
1,31,2
4,25,-2
24,15,1
18,13,3
48,29,0
28,0,-5
17,38,0
43,46,-1
23,27,0
37,14,0
15,48,1
38,24,1
25,43,1
46,23,-4
31,37,2
14,18,2
13,4,0
27,1,1
29,28,0
0,17,1
24,17,-1
25,27,0
14,23,1
43,0,-2
4,31,-1
37,25,1
17,15,0
48,38,-2
24,29,2
18,46,6
1,13,-1
28,27,-1
43,14,0
23,0,1
4,27,0
0,1,1
15,23,0
38,18,2
13,37,-1
29,4,0
25,48,3
46,28,4
14,17,1
27,43,1
31,24,1
29,1,-1
15,38,-1
28,8,-1
14,40,4
23,17,0
44,48,-1
37,25,-1
0,24,1
46,43,1
18,27,0
43,29,2
17,0,-1
48,28,-1
40,44,2
1,18,3
24,15,1
38,23,-3
27,37,4
24,14,0
43,18,1
27,23,2
8,37,0
17,28,-2
25,44,-1
48,15,0
40,0,0
38,29,2
1,46,0
15,17,2
37,43,-1
44,8,1
18,38,3
23,40,1
29,48,0
28,25,1
14,1,1
46,24,1
0,27,-1
23,25,-1
28,24,-3
44,1,-1
18,48,4
0,8,2
15,27,-1
29,40,-1
37,17,-2
48,14,-1
1,28,1
17,18,1
38,37,2
8,46,-3
25,0,2
43,23,-1
40,15,0
27,29,4
24,44,1
14,29,1
28,38,1
0,1,2
25,27,-1
40,24,2
15,23,-1
48,17,0
46,44,1
37,18,-2
8,43,0
44,14,1
24,25,0
17,40,-5
38,0,-1
27,48,0
1,8,1
18,46,1
43,15,1
23,28,2
29,37,8
27,38,0
40,37,1
23,29,1
28,14,-1
0,44,1
24,1,2
15,46,1
17,8,-1
48,43,0
25,18,-1
1,25,0
18,15,0
8,40,-4
37,48,4
29,28,1
46,0,1
43,24,-1
14,27,5
44,23,-1
38,17,0
17,43,-1
25,14,1
15,29,3
0,18,3
23,37,2
48,8,1
27,44,3
24,38,1
28,46,2
40,1,1
38,25,0
1,48,0
37,15,0
43,27,2
14,0,-1
8,24,2
46,40,0
18,23,0
44,28,-2
29,17,2
25,46,1
24,37,3
28,18,1
27,1,3
48,38,0
0,29,0
17,14,2
23,46,1
40,43,1
15,44,4
25,8,2
37,44,0
1,38,-1
28,40,0
25,17,2
8,15,0
27,24,2
48,23,2
14,46,0
43,0,1
29,18,0
24,48,1
44,29,0
17,27,-1
40,25,-2
18,14,0
23,8,1
38,43,-1
0,28,4
46,37,1
15,1,1
28,48,0
15,24,-1
46,25,1
44,40,-1
18,1,0
0,17,1
14,8,1
23,38,1
29,43,1
38,15,0
1,29,-1
27,18,4
8,28,0
24,0,-3
48,44,5
40,14,3
25,37,3
17,23,-1
43,46,0
0,48,0
44,18,-2
8,29,2
1,37,1
25,15,2
40,38,2
28,43,1
46,27,-2
24,17,-1
14,23,-2
43,44,4
38,14,-1
29,25,0
15,0,1
27,8,4
48,46,0
17,1,-2
23,24,1
18,40,5
37,28,1
44,38,1
24,29,-1
46,17,0
8,18,0
25,48,2
40,27,0
0,23,2
14,37,3
1,43,0
37,0,0
43,25,1
38,8,1
23,1,-1
29,46,0
48,40,1
17,44,2
18,24,0
15,14,0
8,14,0
14,43,1
28,17,-3
0,40,3
14,24,0
18,43,0
15,48,2
46,1,0
44,25,-1
37,8,2
29,38,5
1,14,0
8,44,1
48,29,2
24,46,-2
25,28,0
38,18,2
17,15,0
43,37,-1
40,23,-1
27,0,0
27,28,1
37,27,-1
43,14,-1
1,44,4
24,28,1
27,15,1
38,46,1
40,29,0
8,0,1
25,23,2
48,18,-3
17,37,0
18,17,1
37,38,-1
46,8,1
44,24,0
15,40,1
23,43,1
14,48,2
29,27,3
0,25,-1
28,1,-4
28,15,2
23,27,-1
28,23,0
48,27,0
46,18,-4
15,43,-1
40,17,0
14,44,1
8,1,0
37,29,-2
0,38,2
38,28,0
18,37,0
17,48,4
27,25,0
43,8,0
44,46,-1
29,14,-1
1,0,0
23,15,3
24,40,3
46,38,2
1,15,1
37,46,2
14,18,0
27,17,2
29,44,1
43,38,5
48,24,1
25,40,0
8,23,-1
28,0,1
15,18,1
25,1,0
38,1,2
44,37,1
17,25,-2
40,28,0
46,14,0
24,27,-2
15,8,4
0,43,1
18,29,-2
23,48,3
14,38,0
8,27,-4
1,17,2
40,18,1
25,29,1
28,37,1
44,43,0
24,23,1
0,15,3
46,48,1
48,0,-2
18,44,2
23,14,-1
38,40,-1
27,46,6
29,8,2
15,25,-3
17,24,3
43,28,-1
37,1,-1
8,38,-1
44,17,0
40,48,1
24,18,0
25,43,2
1,23,1
28,27,-1
14,15,1
46,29,1
48,37,-2
27,40,4
29,24,-2
18,8,4
43,1,-2
17,46,-1
15,28,1
37,14,1
38,44,2
48,25,-1
23,0,-4
24,43,-1
8,17,0
18,25,0
38,27,-2
46,15,5
37,40,-2
1,24,0
14,28,0
43,48,2
44,0,-1
29,23,0
27,14,1
17,38,2
40,8,-1
46,28,-1
43,17,0
14,25,2
1,40,0
38,24,-1
18,0,-1
44,27,-1
29,15,2
37,23,-3
8,48,3
28,29,0
0,46,1
25,24,-2
23,44,2
48,1,0
24,8,3
28,44,0
15,37,3
27,43,2
40,46,1
17,29,0
0,14,1
25,38,0
23,18,0
0,37,0
29,0,2
46,23,0
18,28,-2
1,27,-1
37,24,4
38,48,2
44,15,1
43,40,2
14,17,4
8,25,1
40,0,1
24,1,0
13,26,4
25,8,1
14,46,2
17,38,0
43,22,2
23,18,2
15,28,-2
27,29,2
0,25,2
8,14,2
28,43,0
22,27,0
18,13,3
38,15,-1
26,40,2
46,24,-1
29,17,1
18,17,0
28,23,-1
26,15,-1
38,25,0
0,13,2
46,27,0
8,24,0
22,40,1
29,43,2
1,14,0
40,46,0
23,26,-1
43,18,1
27,8,6
14,0,0
15,29,-2
17,28,0
25,1,2
24,22,1
13,38,0
28,18,-1
8,0,0
15,23,0
27,40,3
29,14,0
24,38,1
25,26,1
22,1,-1
17,13,0
43,46,1
38,29,2
23,22,-1
13,43,1
1,8,2
40,17,1
0,15,1
18,27,-2
14,24,-2
46,25,0
26,28,0
27,14,0
43,26,0
17,23,0
29,13,-1
15,46,-3
8,38,-1
28,1,0
22,0,0
25,40,0
24,18,0
18,22,-3
23,43,1
26,29,-1
1,17,3
13,15,0
46,8,0
38,28,-2
14,25,3
0,27,1
40,24,0
26,8,2
18,38,0
40,14,1
23,13,2
15,43,1
22,46,0
0,1,1
24,27,-3
17,25,-4
28,29,-2
46,0,-1
25,24,1
8,22,-2
43,17,2
13,28,1
27,23,3
29,18,-1
14,15,5
1,40,0
38,26,-2
0,26,5
14,43,3
1,13,1
22,28,1
46,29,1
24,17,1
40,15,1
27,38,5
25,18,2
8,23,0
29,22,1
38,14,1
15,27,-1
28,0,-1
43,40,1
23,25,1
26,24,-1
13,8,2
18,1,-1
17,46,0
8,18,-1
24,29,0
22,13,2
40,38,0
1,43,2
0,17,0
46,26,3
27,28,1
25,15,3
14,23,0
28,24,-3
18,0,2
38,1,2
17,8,2
26,27,-1
29,40,-1
23,46,-1
13,14,2
43,25,1
15,22,-1
15,1,0
28,8,0
43,24,3
18,14,1
17,27,-3
38,46,-1
26,22,-1
13,40,-1
23,0,1
29,25,1
1,29,0
0,38,1
27,43,2
46,28,1
22,17,-1
25,13,3
8,15,1
24,23,2
14,26,1
40,18,2
13,27,0
46,1,0
14,17,3
0,29,5
40,28,1
38,23,1
26,18,5
8,43,0
25,22,-1
15,24,1
23,40,2
17,15,1
29,8,1
22,38,2
24,13,2
18,46,0
28,14,1
1,26,0
27,25,-1
43,0,0
15,38,0
17,29,2
13,18,1
27,22,2
25,0,4
24,46,1
23,1,-1
40,26,1
43,28,0
14,8,3
8,40,-3
26,17,0
22,14,0
0,24,5
29,23,1
46,13,5
28,25,1
18,15,-1
1,27,-1
38,43,2
22,43,3
0,40,0
26,13,-3
28,15,0
38,17,1
29,27,0
14,1,1
17,18,1
25,38,1
24,8,-1
23,28,0
15,26,0
13,0,1
27,46,2
40,22,3
43,29,2
18,43,0
1,25,-3
29,15,2
0,14,0
46,40,-2
28,17,4
38,13,0
26,23,-4
8,27,-3
22,24,2
14,22,3
15,18,-2
17,26,0
43,38,0
23,29,-2
27,1,2
24,0,0
25,28,0
40,8,0
13,46,0
1,23,-1
13,17,1
0,8,2
18,28,0
14,29,2
23,15,1
46,43,0
26,25,0
38,24,1
40,27,-1
43,13,0
17,40,1
24,14,1
15,0,-1
25,46,3
8,1,-3
27,18,1
22,23,-1
28,26,0
18,23,0
40,25,0
1,28,0
26,43,-1
18,24,1
38,8,2
23,17,0
14,27,0
0,22,1
13,29,2
46,15,0
24,40,2
15,13,0
28,38,-1
43,23,-1
29,26,-1
17,1,1
8,46,-1
22,18,2
27,0,5
24,25,2
28,13,0
26,38,-1
18,29,0
0,46,3
15,14,0
17,43,1
23,27,0
22,8,2
40,1,0
46,14,-2
1,22,1
43,15,3
27,24,2
29,28,-1
8,26,0
46,22,-1
38,18,1
13,23,-1
14,40,-2
25,17,0
1,0,0
8,29,0
15,17,2
25,27,2
26,1,-2
14,28,1
40,23,-2
0,43,2
46,18,-2
13,24,2
38,22,-3
1,24,1
23,38,2
17,14,-4
1,46,0
24,15,-2
18,26,2
28,40,0
22,25,0
27,13,1
43,8,1
26,0,-4
8,13,2
25,23,-1
27,15,2
14,38,1
46,17,2
24,26,-1
1,18,1
40,43,-1
22,29,1
0,28,-3
17,24,2
15,40,1
29,46,1
28,22,-1
18,25,-1
43,14,-3
13,1,0
27,26,0
1,38,0
8,17,2
14,13,-1
24,28,-3
22,15,2
46,23,-2
0,18,3
40,29,0
25,43,2
26,46,1
17,0,-1
15,25,-2
43,1,0
23,14,2
29,24,1
38,40,-1
18,8,1
28,27,-2
13,22,1
8,25,-2
29,38,0
0,23,1
14,18,1
27,17,-1
25,29,3
24,43,2
1,15,1
8,28,0
46,38,3
40,13,1
22,26,1
25,14,0
23,8,5
38,27,1
29,0,0
28,46,1
13,25,-4
26,14,-1
43,27,2
17,22,0
18,40,0
15,8,0
23,24,2
29,1,3
38,0,1
28,0,-4
25,46,1
13,18,-1
24,6,-5
23,38,2
40,22,1
17,4,1
43,1,0
27,19,1
14,29,0
18,43,0
6,28,1
0,23,-1
22,17,2
19,40,2
4,27,0
22,13,-1
4,43,1
46,23,0
19,17,0
18,28,2
0,24,4
38,14,-2
1,27,0
29,40,0
6,25,1
24,22,0
17,46,0
25,1,-2
14,0,0
23,6,0
28,29,-3
27,18,3
40,4,1
43,38,2
13,19,0
28,46,2
19,0,-2
29,27,1
6,38,-1
17,24,-1
18,25,-2
22,4,0
13,23,-2
1,40,0
43,14,-1
40,43,-1
24,28,-1
4,6,0
0,6,0
25,43,1
24,19,0
4,18,1
40,13,0
27,22,4
14,28,0
46,29,3
23,17,3
38,1,-2
29,24,1
43,27,-2
17,0,-2
6,40,-2
13,24,2
18,46,5
28,38,-2
1,4,2
22,23,-1
19,14,0
29,25,-2
38,0,-2
25,23,0
22,18,0
14,24,2
40,27,-2
6,29,-4
13,28,0
1,19,2
4,46,6
43,17,2
18,1,1
24,25,-3
27,6,-1
0,4,0
17,13,0
46,38,2
29,43,-2
23,14,0
19,22,0
28,40,2
1,13,1
46,14,1
38,22,0
18,29,-2
19,38,1
13,25,-2
27,23,0
1,6,1
40,0,0
43,28,1
22,46,-1
17,14,0
4,24,0
46,19,-2
29,1,3
28,17,4
38,4,-1
24,40,1
6,18,0
14,22,1
25,27,2
0,13,-2
23,43,1
19,29,2
40,23,2
1,28,0
17,38,1
43,0,0
27,24,2
4,25,0
22,6,-1
18,14,0
13,46,0
29,17,1
14,4,0
24,18,0
38,13,1
6,19,0
46,43,-1
25,40,1
23,1,0
28,22,0
0,27,2
40,46,1
17,25,-1
13,29,0
1,24,-2
22,0,-2
27,14,-3
4,28,-1
19,23,0
18,38,2
43,6,1
46,1,0
14,13,-1
25,28,2
19,18,2
27,46,-1
24,38,-4
17,6,1
13,43,2
4,23,-1
0,1,1
22,29,-1
40,14,0
27,17,5
25,19,0
38,40,2
46,0,0
6,13,0
43,19,4
29,4,1
28,27,-1
18,17,1
23,24,0
14,25,4
1,22,1
0,29,-2
23,18,1
24,46,0
17,1,2
13,4,-2
40,18,1
43,22,-1
27,38,5
23,29,-1
14,6,4
25,0,-1
18,27,-2
46,17,4
1,25,-1
0,14,1
6,23,-3
19,13,0
4,40,-3
38,43,1
22,24,2
29,28,3
6,24,0
18,13,-3
29,14,-1
46,25,0
0,28,1
4,17,-1
22,40,5
38,23,-1
1,43,0
19,27,-1
14,38,-2
25,6,0
43,4,1
40,1,0
28,18,1
13,22,1
23,46,3
27,29,2
17,19,-1
38,25,2
46,24,1
1,17,1
22,43,1
29,23,2
4,13,3
18,40,1
19,28,1
6,14,0
38,27,-2
0,25,0
25,38,0
27,4,1
17,22,-2
43,18,0
24,29,0
40,19,0
28,6,0
23,0,0
14,46,4
13,1,-1
27,25,-1
24,0,-2
13,17,1
6,27,-4
40,28,-1
1,18,0
22,19,1
14,23,2
43,29,-2
38,46,2
4,0,-1
25,24,1
24,14,-1
46,4,2
0,38,0
29,6,1
17,43,1
19,1,0
27,40,3
18,22,-1
23,25,-4
28,13,0
1,14,0
29,38,2
43,24,1
19,4,2
6,46,1
17,40,-1
22,25,-6
28,23,0
18,0,-1
13,27,-2
28,19,1
25,18,0
0,19,3
46,28,1
27,1,1
38,6,0
24,17,-3
23,13,0
40,29,-1
6,4,0
29,0,-2
13,14,1
28,24,1
19,25,-2
22,38,-2
43,40,1
1,46,1
17,27,0
18,23,0
0,17,1
40,6,1
4,1,3
27,43,4
25,29,3
38,28,0
23,22,2
46,18,1
14,19,1
24,13,0
14,43,4
4,22,1
29,22,0
38,24,0
18,19,1
6,17,-2
46,27,-2
28,25,-1
14,40,4
23,4,2
1,0,-1
43,13,-1
22,1,0
13,6,-1
27,28,-1
40,38,0
17,18,-1
24,23,-2
19,43,-2
25,14,1
29,18,4
28,43,0
38,19,0
0,40,3
25,13,2
14,17,1
24,4,1
23,27,-1
6,1,1
46,22,2
22,14,0
19,46,-1
17,28,-1
18,6,2
43,23,1
4,38,2
13,0,-3
40,24,1
1,29,0
38,17,2
0,43,1
6,22,3
14,18,3
24,27,-1
46,13,2
28,1,1
23,40,2
29,19,0
4,14,0
1,23,-1
18,24,0
43,46,0
13,38,0
17,29,-1
40,25,-1
14,27,-3
6,43,0
24,1,0
25,17,2
38,18,-1
29,13,3
23,19,-1
46,40,3
28,4,-2
0,22,2
4,29,0
19,6,3
0,46,2
22,28,1
22,27,-1
17,23,-1
43,25,1
13,40,0
19,24,0
29,46,2
1,38,1
28,14,-2
18,4,-1
6,0,-2
25,4,1
27,0,-1
40,17,0
38,29,2
24,43,1
25,22,5
46,6,1
14,1,-2
27,13,0
23,28,1
0,18,1
4,19,3
18,43,0
4,40,0
13,14,-1
23,26,3
27,45,1
38,28,0
19,6,3
1,25,-1
0,3,2
29,46,4
14,27,0
46,0,0
6,13,-1
26,29,1
25,38,3
28,19,0
3,4,-1
40,18,-1
43,1,1
45,23,-2
0,45,3
13,43,-1
4,25,0
1,26,1
23,40,-1
18,3,0
38,14,0
43,38,1
3,23,1
46,13,-2
28,4,1
26,18,2
45,19,1
40,27,0
14,0,0
6,1,1
25,29,0
27,28,1
0,26,1
28,40,3
4,14,-1
19,43,1
38,18,1
25,3,0
27,6,-1
46,45,-1
1,13,2
29,23,-2
45,38,1
23,27,1
40,19,-3
14,29,3
6,25,-1
18,28,1
13,0,-3
43,46,1
26,4,0
3,1,3
27,43,1
38,13,0
25,45,2
0,6,1
28,3,1
46,26,0
29,40,2
4,23,1
1,18,1
19,14,0
43,28,-3
13,27,-2
6,38,0
3,29,-2
26,25,-3
18,19,2
40,1,1
14,46,-1
23,0,-3
45,4,-2
29,45,1
38,26,2
46,3,-1
28,6,2
4,43,-1
1,23,0
19,13,1
0,40,2
25,14,1
27,18,3
26,14,-3
19,27,0
4,29,3
23,25,-1
40,46,-1
18,0,1
45,3,0
13,28,1
43,6,2
1,38,-1
19,46,-1
25,43,1
29,13,1
3,26,-2
27,1,0
28,23,0
14,45,2
0,4,-1
38,19,2
46,18,-1
6,40,0
25,46,2
3,6,2
45,26,-1
27,38,1
19,0,-1
13,40,0
4,1,0
23,18,-1
43,14,0
29,28,2
6,45,0
26,27,2
1,19,2
38,4,0
0,29,1
18,13,1
14,3,3
28,25,1
46,23,-1
40,43,2
45,1,0
26,13,-1
0,43,3
14,28,1
29,38,1
25,40,0
3,19,0
46,27,0
23,6,-2
4,18,-1
6,14,0
18,45,1
28,26,2
27,29,2
1,46,3
40,3,-1
38,0,1
19,25,1
43,23,2
13,4,2
45,28,1
14,40,3
3,43,0
0,1,2
4,19,1
26,6,2
29,18,1
23,13,-1
25,27,-1
46,38,-1
6,4,0
13,25,2
1,29,-1
38,3,2
19,23,1
28,46,0
18,14,-2
27,0,2
43,45,2
40,26,-3
28,14,0
38,29,0
13,26,0
18,4,1
1,45,1
27,46,3
40,25,1
19,3,-1
43,0,0
6,23,-3
0,28,2
3,13,0
45,40,0
23,38,0
29,19,2
46,6,0
14,1,2
4,27,1
25,18,0
26,43,-1
26,1,2
25,4,0
46,19,0
28,27,2
43,13,0
6,29,1
14,38,0
3,18,0
40,23,-1
45,0,-1
18,6,0
19,26,-1
1,28,1
27,3,2
4,46,0
13,45,1
38,40,1
23,14,2
29,43,1
0,25,0
27,40,1
38,43,1
23,3,2
0,14,1
1,6,2
4,28,1
29,25,1
18,26,0
25,1,0
26,23,1
28,38,0
14,13,3
6,19,0
46,29,0
45,27,-2
40,4,0
3,0,-4
43,18,1
4,3,0
27,14,1
13,6,0
23,45,0
29,26,2
38,25,-1
1,43,-1
18,40,1
0,46,2
19,28,1
13,46,2
29,6,1
28,1,-3
40,38,-1
14,23,1
6,18,-1
43,29,-1
25,0,0
45,13,-1
46,4,1
26,19,3
38,27,-2
0,19,1
26,45,-1
6,3,2
40,13,-2
18,23,2
14,43,0
1,4,3
46,25,-3
3,27,-1
13,18,1
23,46,1
4,38,1
43,40,3
3,14,-2
19,1,1
25,28,0
45,6,0
27,26,0
29,0,0
19,45,3
40,28,-2
23,29,-3
13,1,3
6,27,0
14,4,-1
26,0,-4
18,38,1
45,46,-1
3,25,1
43,19,0
28,18,0
38,45,1
19,40,1
29,14,1
46,43,2
4,26,1
0,13,2
1,3,-2
28,29,1
27,23,1
25,6,2
40,6,-2
13,29,-2
19,38,0
1,27,-1
4,0,2
18,46,0
23,28,-1
43,25,-1
26,3,1
45,14,-2
14,26,5
46,40,2
29,4,4
3,45,1
27,19,3
28,13,0
38,1,0
0,18,1
25,23,2
6,43,1
6,26,2
28,45,3
38,46,0
40,14,-1
43,3,1
1,0,0
27,25,4
13,23,-5
18,29,1
19,4,-4
14,6,1
45,18,-1
46,1,0
23,43,0
29,27,-4
26,28,0
25,19,2
4,13,1
3,40,2
0,27,0
43,26,-2
38,23,1
13,3,-2
18,25,-1
1,14,1
19,29,1
6,46,1
40,45,-1
28,0,-2
27,4,2
26,40,3
45,43,-1
4,6,0
29,1,0
25,13,1
46,28,1
14,18,3
3,38,1
23,19,2
45,25,-6
13,38,1
40,29,-1
3,28,3
23,4,-1
6,0,0
18,1,1
14,19,0
26,46,-1
43,27,-2
4,45,0
46,14,1
1,40,1
25,26,-1
38,6,0
29,3,1
28,43,4
19,18,2
27,13,3
0,23,-1
0,38,5
23,1,2
43,4,-4
14,25,1
45,29,0
13,19,-1
18,27,-1
40,0,-4
3,46,0
6,28,1
26,38,-1
4,49,4
24,38,0
3,43,1
0,18,1
33,1,1
27,6,4
19,28,1
25,14,-1
23,29,0
13,26,-3
18,19,2
26,33,0
29,27,-1
38,3,0
14,24,1
6,4,0
43,23,1
49,13,-4
28,0,-4
1,25,0
4,26,-1
24,28,0
13,18,0
33,6,4
23,38,0
27,49,1
0,1,2
25,43,0
28,23,-1
49,33,0
6,13,0
18,25,-3
1,24,2
43,19,-3
14,4,0
29,3,-1
38,27,1
26,0,-1
0,33,0
13,27,-2
38,49,2
6,28,2
4,25,-2
18,29,0
14,43,2
26,1,3
3,19,0
24,23,4
29,6,0
33,4,-1
19,26,0
49,14,-5
43,38,-2
25,24,1
23,3,-2
1,13,1
27,0,0
28,18,1
0,29,1
6,49,0
3,33,2
38,28,-1
14,1,1
24,27,-3
4,19,-2
18,23,4
13,25,1
26,43,0
23,4,1
19,24,2
43,18,3
49,26,1
29,38,1
27,3,3
25,0,-1
33,13,-1
1,6,0
28,14,-1
3,14,0
19,49,0
33,25,1
26,6,4
0,14,1
28,29,-1
23,27,-1
24,43,-1
3,1,0
18,38,0
4,13,-1
19,29,-1
29,33,3
38,4,2
14,26,1
27,19,-2
1,18,0
49,24,1
25,23,2
6,3,-1
13,0,0
43,28,0
38,26,-2
43,6,-1
23,0,-3
18,14,-1
27,33,3
29,1,0
28,49,2
24,4,2
19,25,-1
3,13,-1
33,23,5
6,38,0
0,43,1
49,3,0
1,28,-2
13,19,2
25,27,-1
26,24,-3
14,29,5
4,18,1
28,25,0
24,13,0
23,6,-2
27,4,1
18,49,2
38,14,-1
29,26,3
3,0,-3
43,1,1
19,33,2
33,24,-2
49,29,0
1,38,1
6,18,2
4,43,1
13,23,-1
14,27,1
25,3,2
0,19,0
26,28,-1
27,1,4
28,33,0
3,4,-4
23,14,0
29,25,0
43,49,3
19,6,1
24,0,0
18,26,0
38,13,1
29,43,4
33,18,-1
14,6,-1
24,3,-2
28,13,0
25,38,-1
27,26,2
0,4,1
23,19,1
1,49,1
4,1,-2
18,24,1
19,14,-1
6,0,0
13,29,0
38,33,3
43,27,-1
26,23,0
0,49,3
24,29,0
25,6,2
23,1,0
19,38,2
4,28,0
3,26,1
13,14,2
27,18,1
33,43,2
26,25,0
6,24,0
49,23,2
43,13,-1
29,4,-1
18,3,1
28,27,-1
1,19,3
14,33,3
38,0,-1
1,33,1
49,4,0
38,24,0
18,0,0
14,25,-1
26,13,0
6,27,-1
28,19,1
29,23,1
43,3,3
3,38,1
19,18,1
13,49,2
23,43,-1
4,6,-1
0,28,3
25,1,1
33,26,2
24,14,-4
27,29,0
38,23,1
26,4,0
6,33,1
18,13,-1
28,24,0
43,25,1
49,27,1
1,0,-2
14,3,0
29,19,2
49,25,0
13,6,-1
24,1,-5
33,49,0
19,43,1
23,28,-3
25,18,0
3,29,0
27,38,1
0,26,1
4,14,-1
49,0,-2
38,19,0
1,23,2
29,24,2
18,27,-1
6,25,0
43,33,1
28,4,-1
26,3,0
14,13,1
23,49,3
0,38,2
24,6,0
4,29,0
19,1,-1
13,43,-2
25,26,1
3,18,3
27,28,-1
33,14,-2
38,18,0
13,4,1
29,28,1
49,19,1
6,26,-2
27,23,0
14,0,-1
43,24,0
1,3,0
26,14,-1
19,27,0
18,1,2
4,38,0
0,13,1
24,49,0
33,29,0
23,25,0
3,28,2
3,6,2
28,43,1
6,14,-2
13,28,1
3,24,-1
19,23,2
4,0,-2
18,33,1
43,29,1
26,27,3
38,25,2
49,1,-4
25,33,3
29,13,2
28,3,2
24,18,0
0,6,1
1,4,-2
25,49,1
14,19,1
27,43,3
33,38,1
23,26,1
3,23,3
4,33,-1
14,49,3
38,43,1
18,28,0
13,1,-1
26,19,0
24,25,0
6,29,1
0,27,0
29,18,2
49,38,-3
43,14,-1
28,6,2
19,3,0
1,26,0
25,4,4
23,24,1
18,43,2
0,25,2
4,23,-1
26,49,0
14,28,0
24,19,-2
13,33,0
3,27,-1
6,1,0
29,0,0
25,13,-1
28,38,2
43,26,0
1,14,1
19,4,-1
49,6,-1
33,3,2
27,24,1
23,18,0
0,23,5
25,19,0
6,43,2
4,24,1
49,28,2
14,18,0
13,3,0
33,27,1
26,38,-2
1,29,0
27,13,2
24,26,0
19,13,2
18,4,-1
27,25,-1
28,1,-1
38,6,-1
43,0,0
23,33,-1
29,14,1
3,49,0
26,29,1
14,38,4
0,3,0
13,24,0
4,27,1
49,18,1
33,19,0
1,43,1
25,28,2
6,23,3
33,0,0
18,6,-1
24,33,2
43,4,1
27,14,0
23,13,0
3,25,-3
38,1,0
28,26,1
19,0,-1
29,49,0
38,29,0
1,27,-2
13,38,1
0,24,1
6,19,-2
4,3,0
26,18,4
25,29,0
49,43,-2
33,28,4
14,23,1
4,45,0
33,3,0
1,38,2
28,29,0
30,16,0
26,19,0
6,13,3
43,25,0
14,27,1
18,0,-3
38,4,1
27,30,1
25,26,1
3,14,-1
19,6,2
16,18,-2
13,33,1
29,43,-1
45,1,0
0,28,2
16,14,-2
3,26,1
29,30,0
0,4,3
19,28,-2
45,43,0
38,6,-1
13,1,3
4,27,0
14,38,1
18,45,1
30,0,-3
43,3,1
28,16,1
26,13,4
1,29,2
6,25,1
27,18,0
33,19,1
28,3,1
1,14,0
25,45,3
33,16,2
19,0,-3
29,4,3
6,27,0
26,18,-1
43,30,0
13,38,0
3,13,0
16,26,-1
4,33,1
45,19,0
30,1,0
0,6,0
14,43,0
18,28,1
38,29,-1
27,25,1
29,45,2
1,16,0
43,27,-1
26,0,-1
6,3,0
25,30,3
28,14,-1
19,38,1
33,18,-1
13,4,1
18,43,-1
45,6,1
30,33,0
0,13,4
4,1,0
38,26,0
3,29,0
27,28,0
14,25,1
16,19,2
0,1,2
26,14,1
4,28,-4
6,16,1
18,38,1
45,30,0
19,25,-2
3,27,0
13,29,0
33,43,1
14,4,4
43,6,-1
16,45,3
30,18,-1
25,13,2
1,19,2
38,3,0
29,26,1
28,33,0
27,0,2
33,27,2
0,38,0
4,25,0
3,16,-1
19,43,2
18,1,0
13,28,-1
45,14,-3
6,29,1
26,30,0
43,13,-1
16,0,0
25,3,-1
1,33,3
14,18,1
38,45,0
30,4,0
28,6,0
29,19,-3
27,26,0
25,16,1
38,33,1
43,0,-1
26,4,0
19,14,-3
13,30,4
3,18,-1
6,1,-1
45,28,-1
29,27,-2
18,19,1
0,45,0
14,6,0
30,38,1
28,25,2
16,29,-2
27,13,2
33,26,-2
4,3,0
1,43,1
38,16,0
3,30,0
19,4,-2
26,1,2
6,33,-1
45,27,-3
13,14,-4
43,28,2
25,0,1
29,18,0
1,25,0
4,43,-1
0,3,3
27,38,3
18,6,1
30,19,-1
14,29,4
33,45,1
16,13,-1
28,26,1
45,13,-1
18,25,1
16,4,0
29,33,0
30,6,1
38,28,0
26,43,-1
0,14,0
1,3,-1
19,27,0
25,33,0
6,26,-1
28,1,3
27,16,3
3,45,4
43,38,4
4,18,0
14,30,4
25,29,2
33,0,-1
13,19,1
30,43,-2
4,29,0
38,13,0
3,28,2
14,1,1
27,6,2
45,25,-5
0,19,2
18,26,1
16,33,-1
13,18,2
1,27,-1
28,30,2
19,3,-1
43,16,0
33,14,-2
26,45,0
25,38,1
6,4,-1
29,0,-1
33,30,0
43,18,3
1,4,1
26,38,1
28,27,-2
19,16,2
29,3,1
25,14,-1
6,45,0
13,0,-2
4,13,1
45,29,0
16,1,2
30,25,-1
18,33,1
27,43,0
0,26,0
3,6,-1
14,28,2
38,19,0
1,30,3
25,27,-1
13,3,2
29,38,1
26,16,2
6,0,1
33,4,-1
43,14,-2
19,45,1
28,18,0
38,25,2
30,28,0
27,1,2
16,43,3
14,33,3
18,13,-1
3,19,-1
45,26,2
0,29,1
4,6,-1
33,28,1
13,25,-1
45,16,0
0,27,-2
6,43,2
18,30,1
19,1,0
3,38,1
4,14,-1
26,29,0
29,13,0
1,0,-2
43,33,2
16,6,-1
30,45,1
25,19,2
28,4,1
27,3,2
38,18,0
14,26,0
4,30,3
18,14,-1
3,25,2
33,1,-1
6,28,0
26,27,-2
0,16,4
45,38,0
16,3,2
27,33,1
1,18,-2
38,0,0
43,19,2
28,13,0
29,6,1
30,26,-1
38,43,1
1,28,2
19,13,0
29,25,1
0,33,3
16,27,0
30,14,-2
18,4,-1
45,3,2
26,6,-1
14,45,1
13,43,2
25,4,0
27,19,1
14,16,3
43,26,1
6,30,1
33,29,0
13,45,-3
4,0,-1
25,18,1
28,38,-2
3,1,2
16,28,-1
0,30,3
38,14,-2
13,26,0
29,1,-3
25,6,1
3,43,0
27,4,0
45,18,1
19,33,2
6,19,2
4,38,3
14,3,0
26,25,1
30,27,2
28,0,-1
33,13,2
18,16,4
1,45,0
43,29,1
13,6,-1
19,26,0
25,43,0
16,30,0
3,33,0
38,1,-1
6,38,0
28,19,0
33,25,-1
43,45,0
14,0,0
30,29,1
18,27,1
26,3,3
4,16,1
1,13,0
16,25,1
30,13,1
14,19,2
28,45,4
1,6,0
4,26,0
18,3,0
27,29,1
33,38,3
0,43,1
45,4,0
29,28,0
26,33,2
29,16,0
6,14,-2
19,18,2
25,28,0
3,4,1
38,30,1
43,1,4
13,27,-4
45,0,-2
19,29,-2
14,13,1
30,3,1
1,26,-1
4,19,-2
28,43,1
16,38,0
18,29,2
33,6,0
27,45,0
0,25,2
27,14,-2
0,18,7
38,27,-1
13,16,0
6,18,1
43,4,0
29,14,0
25,1,1
19,30,6
45,33,2
26,28,0
3,0,1
1,6,0
28,25,0
18,27,-2
40,13,-2
19,3,0
33,43,-2
46,4,2
26,45,0
0,29,2
47,14,-1
29,46,0
45,33,1
13,47,1
3,26,-1
27,1,1
25,40,1
4,19,1
43,28,2
6,18,-1
14,0,1
40,26,-1
3,28,-3
33,1,0
4,43,0
6,29,2
0,19,3
14,45,4
43,14,-2
19,18,1
26,33,1
45,3,-1
47,40,1
1,4,1
46,6,-1
28,13,-3
29,27,-2
45,47,-1
28,0,1
18,33,-1
3,13,-1
14,40,2
27,26,0
29,19,0
43,25,0
6,4,0
46,1,4
13,14,-2
33,3,0
19,46,-1
40,45,0
1,43,0
26,6,-1
47,28,0
4,29,-3
25,27,0
0,18,2
46,0,0
14,1,1
45,13,-1
6,33,1
29,26,1
18,47,-1
3,25,0
27,4,-1
28,40,-2
43,19,1
40,46,0
13,43,-1
33,29,0
19,27,-1
4,45,2
26,18,2
47,6,1
0,3,1
1,28,-1
25,14,-3
28,33,0
45,0,1
43,18,2
14,6,4
25,4,1
40,27,-2
47,29,1
3,1,-1
26,46,1
13,19,0
4,3,2
1,47,-2
0,26,1
27,43,0
33,13,-1
19,25,2
18,14,0
6,45,2
46,28,1
29,40,1
40,33,-3
43,0,0
14,4,2
13,6,-1
28,27,3
3,18,-1
25,46,2
47,19,1
45,29,-3
26,1,2
0,40,2
19,26,1
33,47,-2
46,45,1
4,13,3
29,3,1
1,25,-2
18,28,1
27,14,1
6,43,1
25,33,3
13,27,-2
26,4,0
40,1,-2
14,29,3
45,18,4
47,0,-1
43,46,0
28,19,1
0,4,3
40,3,-1
26,25,-1
47,43,-1
1,13,1
33,14,-2
28,45,0
46,27,-1
19,6,1
18,29,1
40,25,-2
29,1,0
43,40,1
45,19,0
27,33,3
14,28,1
25,47,3
4,18,-2
6,0,2
13,26,-3
3,46,-1
45,26,2
29,0,1
14,47,1
25,28,2
4,46,1
3,19,1
13,40,2
6,1,0
27,18,0
43,33,2
18,46,-1
27,47,4
1,27,-2
26,3,3
18,6,-4
46,29,-2
33,45,1
47,13,3
19,4,1
0,14,-2
28,43,0
33,46,0
47,26,1
1,18,4
14,19,1
25,29,2
40,6,0
28,4,-2
27,45,3
13,0,-1
43,3,2
19,1,0
45,43,2
26,14,-1
18,25,-2
46,47,-2
3,27,0
0,33,4
28,26,0
43,29,2
25,45,1
1,0,0
47,4,-3
33,19,1
40,18,-1
27,6,3
13,46,2
14,3,2
3,47,2
45,1,-1
46,14,-2
6,25,0
19,40,1
18,13,2
4,33,1
29,28,0
0,27,0
26,43,-2
13,3,2
26,27,2
4,6,0
33,18,-1
19,29,1
25,43,1
0,28,7
1,46,-1
47,45,-1
40,14,-1
45,40,-1
3,33,5
6,26,2
29,4,-1
18,0,1
43,1,0
28,47,-1
14,13,0
27,25,1
46,19,1
19,43,1
13,45,0
40,28,-3
47,18,0
4,27,1
26,29,3
0,46,-1
25,3,0
33,6,0
1,14,0
28,1,-4
29,33,2
46,40,2
3,0,-2
6,47,0
18,26,1
45,4,2
27,19,2
43,13,2
14,25,2
13,25,2
33,27,-2
18,4,1
28,14,3
47,25,-1
1,29,-1
19,45,5
0,6,0
26,13,1
40,43,0
46,3,3
25,0,1
4,40,2
43,47,0
29,13,0
4,0,1
3,40,1
14,33,2
29,18,2
13,1,0
25,26,1
6,19,1
45,28,-2
1,33,1
28,3,1
46,18,0
19,0,-4
29,6,2
45,14,-1
25,13,0
43,4,1
26,40,1
47,27,-1
6,46,3
4,1,2
40,47,-1
3,45,0
14,43,1
33,26,1
18,19,2
13,28,1
27,29,2
0,25,1
25,19,4
4,28,1
0,13,3
46,33,-2
6,40,2
45,27,-1
26,47,-1
18,1,3
3,43,-2
29,25,-2
19,14,1
47,46,-1
40,4,-1
14,26,2
25,18,2
1,19,0
28,6,1
13,29,2
27,3,3
43,45,1
27,46,1
45,25,-2
3,14,0
29,43,2
0,1,5
6,27,-1
18,40,0
19,33,-2
26,28,-1
46,13,0
4,47,0
3,6,1
33,4,0
13,18,0
43,26,1
47,3,0
25,6,1
1,45,0
28,29,-1
14,46,3
27,0,2
33,0,0
27,40,0
46,26,1
19,13,1
18,43,-1
0,45,2
33,28,1
29,47,2
6,14,-2
1,3,2
4,25,-1
43,27,-1
14,18,3
40,29,-3
45,6,0
28,46,2
13,33,1
47,1,1
3,4,1
29,45,3
18,3,0
0,43,0
33,40,1
6,13,3
19,47,1
1,26,-1
46,25,-1
3,29,0
28,18,-1
26,19,-1
14,27,3
13,4,-2
25,1,2
47,33,-1
43,6,1
27,28,0
45,46,-1
40,0,-3
4,14,1
6,28,0
40,19,1
26,0,-2
4,26,2
46,43,1
27,13,4
19,28,1
0,47,2
1,40,1
33,25,-2
6,3,1
18,45,0
29,14,1
29,47,1
46,13,2
6,43,2
36,25,0
35,28,1
33,4,3
0,1,0
18,44,1
14,26,3
27,19,4
44,46,0
43,36,2
19,6,0
28,14,1
13,27,-3
4,18,0
26,33,0
1,35,1
43,18,-2
47,35,1
44,27,-1
13,6,2
19,36,1
26,0,1
25,46,1
4,14,-2
1,29,2
28,33,-4
33,47,1
18,25,3
29,19,-1
27,43,1
14,13,1
36,4,0
6,44,1
0,28,0
46,1,0
35,26,1
36,35,-1
13,33,-1
6,28,0
44,1,0
18,47,0
27,0,-1
43,19,0
46,29,-2
14,25,1
4,26,2
25,29,2
26,46,2
19,14,-2
25,43,3
47,44,0
0,36,3
1,13,2
35,27,0
28,4,-1
29,18,0
33,6,-1
36,28,1
6,25,2
13,0,-1
14,1,0
18,26,0
4,47,1
27,29,2
43,33,1
46,35,-1
44,19,0
33,46,2
25,4,0
0,44,3
26,36,0
47,27,-2
35,14,-1
1,43,0
28,18,1
29,6,-1
19,13,1
18,36,2
1,19,0
14,33,1
13,44,0
47,26,4
35,0,-4
27,25,2
28,29,1
43,46,1
4,6,-1
6,27,-4
0,18,0
29,13,0
36,14,-2
44,43,0
19,47,-1
33,35,2
25,1,2
46,4,1
26,28,1
6,47,-1
25,35,2
44,28,2
29,36,-1
13,26,1
19,18,1
27,33,3
43,14,1
1,4,2
46,0,1
14,44,4
4,27,-1
18,1,-1
33,19,0
47,13,1
36,6,0
26,29,0
28,46,1
0,25,3
35,43,2
18,6,1
14,46,1
36,27,-1
26,19,2
35,13,2
0,29,0
28,25,0
33,44,1
4,43,0
47,1,0
6,0,2
19,35,-1
13,18,0
46,36,1
1,28,0
25,26,1
29,33,1
27,14,0
43,47,2
44,36,-1
27,18,3
6,14,-1
25,33,0
1,26,-2
19,0,1
28,27,-1
0,43,3
36,13,1
33,1,0
4,19,2
47,25,-4
35,6,1
18,46,2
26,44,0
43,28,1
13,4,1
46,47,-2
29,35,1
33,18,2
4,29,-2
28,47,0
25,19,4
27,26,2
43,13,4
44,35,0
6,46,4
14,0,0
36,1,0
14,29,1
47,0,-1
0,33,0
1,6,-1
13,25,-3
47,36,-1
35,4,-1
29,44,1
46,27,1
26,43,-1
18,14,-1
19,28,1
25,44,2
33,36,2
26,6,-2
1,27,-3
28,13,2
0,4,4
47,14,-1
29,43,2
35,18,-2
19,46,0
36,26,-1
4,25,1
44,0,-1
46,33,-1
14,35,0
43,1,1
6,29,1
27,47,2
18,28,0
13,19,0
43,25,-1
6,33,1
18,29,3
4,28,1
14,19,0
13,1,1
27,35,1
36,0,1
46,26,-1
33,43,0
26,18,1
28,36,2
19,44,0
47,4,-3
29,27,0
25,6,3
35,46,6
1,14,0
0,13,4
6,26,0
4,0,-2
44,25,-3
46,19,0
27,1,2
14,47,4
36,33,0
13,28,-2
18,35,0
43,29,-1
33,13,-1
19,43,0
1,44,2
28,6,4
35,36,2
25,14,2
26,4,-3
29,46,0
0,27,1
47,18,-2
44,4,1
36,19,2
46,25,-1
35,47,1
33,28,0
6,13,0
29,1,2
27,44,4
14,4,3
4,36,1
44,6,-1
13,14,-1
25,18,0
1,46,1
28,0,0
47,33,1
26,35,-2
19,29,1
43,27,-4
33,26,1
36,43,1
29,25,1
18,4,1
14,28,3
27,13,2
46,44,-1
35,1,2
0,47,1
6,19,1
44,47,0
18,43,-1
44,18,-3
25,36,4
19,27,-1
28,35,1
13,46,4
43,6,3
4,33,3
47,29,1
0,35,1
25,27,-1
26,47,-1
44,13,0
33,14,-2
36,18,0
29,28,0
19,1,0
46,43,-1
6,4,-1
1,0,-1
26,14,-1
35,33,0
47,19,0
14,36,3
4,46,-1
28,26,-2
43,44,2
27,6,3
18,0,1
13,29,2
1,25,0
19,33,0
27,4,3
44,14,-1
25,0,3
6,36,1
29,26,-1
13,47,1
46,28,2
43,35,1
1,18,0
18,19,3
26,13,0
36,29,-1
14,43,1
47,6,-2
0,46,-1
33,27,1
4,1,-1
35,25,-1
28,44,3
44,33,2
6,18,0
29,0,0
1,47,0
19,26,-2
13,35,0
35,19,1
28,1,-2
26,25,0
0,6,1
33,29,1
36,46,3
47,43,0
18,13,1
0,26,2
27,36,2
46,14,-3
25,28,2
4,44,2
46,18,1
27,28,0
43,0,0
6,35,-2
19,4,0
44,26,0
13,36,0
25,47,2
29,14,0
1,33,0
28,43,-1
14,6,0
18,27,-2
36,44,1
26,1,-2
47,46,-3
33,25,1
4,13,3
0,19,2
35,29,1
19,25,1
46,6,2
1,36,3
47,28,-1
26,27,-1
18,33,3
29,4,-2
35,44,-2
0,14,0
13,43,-2
14,27,0
43,4,0
27,46,-1
36,47,-1
43,26,1
4,35,0
6,1,0
14,18,0
25,13,0
44,29,0
28,19,2
33,0,0
28,4,-1
46,26,-2
6,29,-2
1,25,-1
18,47,1
40,43,1
17,33,0
27,35,0
14,3,1
0,19,1
43,18,-2
47,28,1
3,40,0
26,17,1
35,14,-1
19,6,1
33,27,0
43,17,4
29,1,0
35,18,1
19,28,-1
3,46,-1
47,40,3
33,6,2
26,27,1
4,0,0
25,14,0
18,4,0
1,19,1
17,3,-1
6,35,3
46,47,0
0,26,1
40,25,-2
14,33,1
27,43,1
28,29,0
28,3,2
35,46,-3
29,47,1
19,43,0
27,40,1
6,18,-1
25,17,6
1,14,2
4,26,1
0,33,2
43,0,-2
46,28,3
18,27,-1
47,19,0
3,6,1
40,35,1
33,25,0
14,4,0
26,1,1
17,29,1
28,40,0
35,47,1
25,3,0
0,17,5
19,26,0
6,43,0
29,46,2
27,14,2
1,18,2
4,33,-1
47,25,-1
3,27,-1
40,4,-1
26,29,2
46,0,-1
17,6,0
33,35,3
14,19,0
18,28,2
43,1,0
1,46,1
27,47,4
0,40,1
35,17,1
19,33,-2
25,43,0
4,3,1
29,18,1
6,14,-1
26,28,2
28,14,-2
4,35,2
47,33,-2
0,6,2
18,25,-1
1,27,-3
26,3,1
19,17,0
46,40,2
29,43,2
14,26,6
27,28,3
33,46,0
40,19,0
35,29,1
3,47,1
43,4,-1
6,1,0
25,0,0
17,18,-2
19,35,2
1,17,2
29,33,-3
18,3,2
4,25,0
28,43,0
47,14,-2
0,27,0
46,6,0
26,40,1
25,19,2
17,46,-5
40,29,0
27,4,2
6,28,0
3,1,-1
33,26,0
43,47,4
14,18,0
35,0,-2
3,33,-2
26,35,1
0,47,2
18,40,6
6,27,1
29,25,-3
17,14,-2
28,1,-3
46,43,0
19,4,0
4,1,-4
14,46,1
33,18,0
40,17,1
47,26,0
4,29,2
35,28,0
1,0,-1
25,6,4
43,3,-1
27,19,2
29,0,0
35,25,2
18,19,3
27,17,3
14,40,2
29,3,1
1,33,-2
4,46,-1
43,26,1
28,0,1
6,47,3
26,6,2
46,18,-2
3,35,0
17,28,-1
47,4,2
40,1,0
33,43,-1
19,29,-1
25,27,-1
0,14,1
1,26,0
6,3,3
35,40,1
25,33,3
28,46,-1
0,43,1
19,47,0
27,18,1
29,17,0
4,14,-1
14,1,0
47,29,1
18,6,2
46,35,0
3,28,3
43,19,4
33,0,0
17,25,-1
40,27,-4
26,4,0
18,0,-3
40,6,2
3,19,0
14,29,1
33,28,-1
43,35,2
46,27,1
47,1,-1
17,4,-1
26,25,0
0,46,2
1,43,1
19,14,-1
28,18,-2
35,33,-2
27,3,1
6,17,1
25,47,0
4,40,1
29,26,-2
1,35,2
17,47,-1
18,26,1
27,29,6
46,19,1
14,43,2
0,3,0
28,25,0
40,33,2
6,4,-1
3,14,-1
4,28,0
43,40,2
33,17,2
19,0,-3
29,6,0
35,27,-2
47,18,-1
26,46,0
25,1,0
1,4,0
40,3,2
6,19,0
0,29,3
28,47,1
17,26,0
14,35,1
27,33,2
46,25,1
18,43,0
43,27,0
25,40,3
35,6,-2
26,0,-2
3,17,0
4,18,0
33,14,0
47,46,1
29,28,0
19,1,1
17,43,-3
6,33,-1
46,3,0
1,29,3
28,19,1
40,47,2
18,35,1
27,26,-1
14,25,0
0,4,2
33,40,1
19,46,-1
3,0,0
29,27,-4
25,28,1
47,17,2
35,1,-1
4,6,3
26,18,-2
29,4,-1
0,1,0
17,40,0
26,47,0
3,43,3
19,27,-3
28,35,-1
46,14,-4
6,25,-2
18,33,2
25,46,4
35,26,2
4,19,0
25,29,3
40,18,-1
47,0,0
43,46,4
14,17,5
33,3,2
1,28,0
17,27,-1
40,14,-1
0,28,0
25,35,1
33,1,2
46,4,1
47,6,1
26,43,1
19,18,1
3,29,0
43,14,0
27,6,2
6,26,0
43,33,2
1,40,-1
18,46,0
4,47,2
28,17,1
29,19,2
35,3,1
14,0,1
27,25,3
35,4,0
33,47,2
17,19,0
27,1,4
3,26,2
6,0,-1
40,46,1
25,18,1
43,29,-3
14,28,1
4,43,0
29,35,3
1,6,4
0,25,0
47,3,2
26,14,-2
19,40,-2
28,27,0
18,17,1
46,33,-1
33,29,0
17,1,-6
35,19,-2
43,28,0
40,26,-1
3,18,0
6,46,1
25,4,2
27,0,1
14,47,0
18,14,-1
4,27,0
19,25,-2
0,35,2
46,17,1
47,43,0
28,6,-1
29,40,2
26,33,2
1,3,4
3,25,0
40,28,1
46,29,0
14,27,1
47,35,0
43,6,0
26,19,-1
33,4,-1
18,1,0
17,0,-4
27,46,3
19,3,2
6,40,2
1,47,-2
4,17,2
28,33,2
35,43,-1
0,18,1
25,26,1
29,14,-2
28,26,7
46,1,0
18,29,2
43,25,-2
40,0,-1
14,6,0
47,27,-2
3,4,3
33,19,-1
17,35,-4
40,25,-1
46,47,1
6,39,2
18,4,-1
28,43,1
0,45,1
21,19,1
14,33,4
1,26,2
27,29,0
19,0,1
29,6,1
25,28,1
45,18,-1
39,1,1
4,21,0
43,40,-1
47,14,-1
26,46,3
33,27,-1
28,39,1
0,29,3
46,4,3
21,47,-5
18,33,-3
6,45,0
14,43,0
1,25,0
40,26,-3
33,28,1
47,40,0
4,0,-4
45,46,1
25,27,1
26,14,-2
29,21,-1
19,6,1
39,18,-1
43,1,-1
25,39,0
4,19,1
40,28,2
46,29,2
6,0,-2
14,27,0
45,1,-1
43,47,0
26,33,6
21,18,0
1,40,1
19,46,-1
18,25,-2
0,21,-1
28,45,-1
39,14,-2
29,4,-1
27,6,2
47,26,1
33,43,2
47,28,-1
40,0,0
4,27,-2
45,19,1
18,29,0
33,39,1
43,21,-1
46,6,-2
26,25,-1
14,1,2
28,14,-5
1,33,0
19,40,0
6,4,0
0,18,2
27,45,4
25,47,1
39,43,1
21,46,1
29,26,0
45,21,-3
4,28,0
40,29,1
18,27,0
43,6,2
14,25,-1
33,19,0
26,39,3
46,0,-2
47,1,-4
29,45,1
19,47,2
1,4,1
27,46,2
6,18,-1
28,26,2
39,40,1
25,33,1
0,43,0
21,14,-3
33,47,-1
43,25,1
28,46,0
14,40,5
39,0,1
18,19,1
45,4,0
27,21,1
6,26,2
29,1,2
40,33,-1
21,6,-1
0,27,1
25,45,3
46,18,-2
47,39,0
19,29,1
4,14,-2
1,28,-1
26,43,-1
27,39,5
4,40,-1
29,47,0
46,33,0
19,43,1
45,14,-3
0,1,-2
6,25,-2
18,28,0
21,26,0
26,0,3
39,45,1
14,29,0
25,19,0
33,21,0
1,27,0
28,6,-2
43,4,1
40,46,-1
47,18,1
28,29,0
40,6,-3
39,21,0
1,19,0
47,45,1
26,27,-1
43,18,-1
33,4,1
14,0,-1
25,46,0
4,25,-2
27,40,1
21,28,1
19,26,0
29,39,0
0,47,1
6,14,-2
18,1,-1
45,33,0
46,43,-2
47,4,3
40,45,4
1,6,2
39,19,0
43,27,0
28,0,0
25,21,0
26,18,-1
14,46,0
33,29,-3
21,40,-3
4,39,3
19,28,3
6,33,1
46,1,-1
29,43,1
45,26,1
0,25,0
18,14,0
1,0,0
33,46,-3
47,29,1
43,19,0
14,45,2
39,27,-1
40,4,0
28,18,-1
25,6,3
26,21,4
45,43,2
0,33,1
4,26,0
29,25,-4
18,40,3
19,14,0
46,39,1
6,47,-1
27,28,1
21,1,-1
0,6,1
1,45,1
28,40,0
18,21,2
39,25,0
29,46,0
27,14,3
47,43,1
27,47,1
45,28,3
26,47,1
40,1,-1
21,0,-2
4,29,3
14,39,1
6,27,-1
46,19,2
43,33,0
25,18,0
43,39,2
40,19,1
33,1,-1
45,27,-5
18,0,0
26,29,1
47,25,0
14,28,2
46,21,2
4,6,0
21,45,0
28,4,0
1,47,0
19,33,2
39,26,1
0,46,0
6,43,1
27,18,1
25,14,2
29,40,0
18,6,3
14,21,0
45,29,-1
47,19,0
33,25,-1
26,28,1
40,39,2
4,1,-2
46,27,-1
43,0,0
33,26,2
27,19,3
28,47,0
27,4,1
39,33,0
1,14,-1
0,40,0
6,46,1
29,18,0
19,45,2
25,26,0
21,43,-1
18,45,2
14,47,1
28,25,2
0,19,0
6,29,1
21,4,-1
46,26,1
1,39,0
33,14,-1
25,40,2
45,0,-2
4,18,0
47,46,-1
29,27,-1
43,28,4
26,1,2
39,6,2
19,21,-1
40,43,0
19,4,-1
40,47,-1
21,29,0
0,4,4
28,33,0
18,39,2
27,25,-3
6,19,-2
14,26,1
1,43,-1
46,45,0
4,46,0
45,6,0
19,27,2
39,28,1
43,14,1
33,18,1
29,0,-2
47,21,1
26,40,1
25,1,5
21,33,0
19,25,-1
46,40,2
0,26,2
45,39,-2
6,28,3
4,43,1
29,14,-2
27,1,1
18,47,4
39,29,0
28,21,2
43,46,1
40,27,-1
47,0,-3
33,45,0
14,6,1
25,4,4
26,19,-2
1,18,0
28,19,0
1,46,0
33,6,1
40,21,1
39,4,1
43,29,1
26,45,2
25,0,0
27,33,2
14,18,0
6,1,0
27,43,3
19,39,1
45,40,3
46,14,-1
18,26,-1
21,25,-2
0,28,2
4,47,2
29,33,0
47,6,0
28,27,-2
26,4,2
33,0,-3
43,45,1
39,46,-1
14,19,2
40,18,-2
25,29,3
1,21,1
19,1,2
4,33,2
6,40,0
21,39,-1
18,43,0
46,25,-3
45,47,2
0,14,-3
27,26,2
29,28,2
47,27,-1
43,26,1
39,47,2
27,0,0
28,1,0
29,19,-1
18,46,2
6,21,0
45,25,-2
14,4,2
33,40,2
1,29,1
40,14,-1
26,6,1
25,43,2
19,18,-2
21,27,-1
47,33,1
0,39,3
4,45,0
46,28,1
33,19,-1
49,46,-2
1,47,-2
6,40,-1
39,11,2
14,21,1
4,26,-2
18,0,-5
43,25,1
27,3,1
47,49,-1
40,14,-2
25,39,4
21,43,-4
3,33,1
11,27,1
0,33,3
47,27,-5
26,49,1
21,6,1
3,39,0
40,4,1
11,18,1
46,43,-1
19,14,-2
25,1,-2
49,21,0
43,3,1
39,40,1
4,46,0
14,11,3
6,25,-1
27,0,1
33,26,-1
1,19,2
18,47,1
39,14,-1
33,6,-1
26,0,2
4,49,2
40,21,3
43,27,-2
25,11,4
47,46,1
19,18,1
3,1,-1
1,33,2
46,25,-1
21,3,-1
0,47,4
6,39,0
11,40,2
14,43,3
49,19,1
27,26,1
18,4,3
47,14,2
39,27,-2
33,18,-1
43,11,5
3,6,-1
4,1,1
19,0,-1
25,21,5
40,49,3
26,46,2
49,33,-1
27,40,0
11,3,1
6,43,0
21,47,1
14,25,2
46,19,0
0,4,4
18,39,0
1,26,0
0,3,2
33,43,-1
27,6,1
40,25,1
1,14,1
39,46,1
18,49,0
4,11,1
47,26,0
19,21,2
21,33,0
43,39,-1
14,4,5
11,47,-2
49,1,0
3,40,1
6,18,1
46,0,0
25,27,2
26,19,0
19,25,2
18,1,0
40,46,0
0,43,3
39,49,0
27,4,2
33,47,4
11,21,2
6,14,-4
3,26,0
46,1,1
1,6,4
4,33,2
49,0,-3
43,40,2
26,11,0
46,18,-1
21,39,1
47,19,0
14,27,1
25,3,0
14,49,4
40,0,1
11,1,0
21,46,0
25,26,0
27,18,3
3,19,1
39,33,1
6,4,-2
43,47,8
21,18,1
19,4,3
4,39,0
46,11,2
1,43,0
19,6,0
33,27,-3
26,21,0
47,40,1
18,25,-2
0,14,-3
49,3,-1
26,14,1
33,11,2
0,39,2
47,3,-1
49,6,1
4,25,0
46,27,-4
1,21,3
18,43,0
19,40,1
11,19,0
14,18,0
6,26,0
40,33,0
39,47,0
21,4,0
27,1,-1
3,46,1
43,49,-1
25,0,-1
6,46,2
27,49,3
40,1,-2
3,4,1
11,0,0
25,47,1
14,33,1
43,26,3
1,39,1
19,27,3
33,25,2
4,43,-2
26,40,1
0,21,3
49,11,2
18,3,0
46,14,0
40,18,0
19,43,0
11,6,0
26,39,2
46,33,2
47,4,0
3,14,0
25,49,2
0,1,3
21,27,-2
43,46,2
14,19,1
49,26,-3
39,3,-1
4,40,0
18,11,2
1,25,-1
6,21,0
27,47,5
33,0,-3
39,19,1
3,27,0
0,18,0
26,4,3
43,21,0
27,11,3
14,40,5
39,25,0
49,47,-2
18,26,2
4,19,2
1,46,0
6,0,-2
0,6,2
25,43,2
27,21,4
43,19,2
6,11,1
49,25,0
33,46,0
1,0,0
14,3,3
4,47,1
18,40,2
19,1,-2
46,4,0
25,6,2
3,43,0
11,14,-1
47,18,-1
21,49,0
0,27,-2
26,33,2
40,39,0
21,14,0
19,33,1
6,19,0
39,4,3
40,47,0
11,46,1
27,33,5
43,1,0
25,18,1
21,26,1
3,49,1
14,0,2
26,6,2
33,40,0
19,11,3
47,39,0
49,43,1
1,27,0
46,3,2
4,21,1
18,14,1
0,25,1
39,26,0
47,6,0
49,14,-2
33,39,-1
46,21,3
0,40,2
18,27,2
19,3,1
26,25,0
1,11,3
47,43,-3
4,6,3
27,46,3
6,49,1
39,0,-2
3,47,1
11,33,-1
14,26,-2
43,18,1
40,19,0
25,4,1
0,11,2
46,6,-1
49,27,-1
18,21,4
47,25,1
40,6,4
33,3,-1
11,39,0
6,47,4
3,18,0
14,46,3
39,1,0
21,0,-1
43,4,2
11,49,-1
40,26,0
27,19,3
25,33,3
47,1,-1
40,3,2
1,49,0
18,6,2
33,21,1
47,11,1
39,43,-1
0,46,2
19,26,-1
27,25,1
4,14,0
46,49,-2
26,18,-2
1,40,0
33,14,-5
4,3,1
3,0,0
6,27,-4
21,19,2
14,1,6
43,33,2
46,39,-1
49,18,0
25,40,3
11,4,-1
26,47,3
27,14,-1
0,49,1
11,26,-5
33,4,0
40,43,2
6,1,-1
39,21,2
3,25,0
18,46,0
19,47,1
21,11,-3
46,40,1
4,27,0
49,39,0
25,19,0
26,3,4
14,6,1
43,0,1
1,18,0
47,33,0
40,11,1
43,14,1
19,49,0
39,6,-1
4,18,-1
26,27,-1
3,21,0
47,0,1
33,1,-1
25,46,3
21,1,-2
49,4,0
6,33,0
46,47,1
0,26,0
21,40,-1
27,43,2
11,25,-4
18,19,1
14,39,7
1,3,1
43,6,1
39,18,0
33,49,2
26,1,2
3,11,1
25,14,-2
40,27,-1
19,46,1
47,21,0
4,0,1
19,39,-1
26,43,-1
27,39,4
21,25,0
11,43,2
49,40,1
1,4,-1
0,19,4
46,26,0
18,33,1
6,3,1
14,47,8
6,19,0
47,5,-4
43,26,0
1,46,3
14,45,6
49,39,1
4,18,1
40,3,0
25,0,0
27,29,3
39,43,-1
0,5,6
46,6,-2
45,40,1
47,14,-6
3,4,1
18,49,0
29,1,6
19,27,0
26,25,3
43,47,-1
49,29,0
4,0,-1
27,46,3
14,39,2
5,19,0
1,18,1
25,45,1
6,3,0
40,26,1
29,5,-2
47,40,0
26,4,0
0,6,3
45,43,0
46,14,-2
19,49,1
18,27,0
3,25,0
39,1,1
45,3,2
43,49,2
40,0,0
18,29,-1
39,46,0
1,6,0
4,19,0
14,5,4
47,26,-2
27,25,1
46,43,1
5,4,-1
26,14,1
25,40,0
19,18,0
0,45,-1
3,47,0
49,1,-1
6,27,0
29,39,-1
47,49,2
45,6,0
46,19,0
43,1,1
39,4,1
3,18,-2
40,27,0
26,29,1
14,0,2
25,5,-1
27,45,0
6,39,1
19,43,-1
1,14,0
0,3,1
49,46,0
29,47,0
5,26,-1
18,25,2
4,40,0
14,49,2
43,18,0
47,6,0
3,5,2
46,29,-1
40,1,1
45,19,1
25,4,1
39,27,-1
26,0,-3
19,47,2
27,43,2
18,39,1
4,14,-1
49,26,1
0,46,1
1,3,0
29,40,4
6,25,-1
5,45,1
6,43,2
19,1,0
4,47,1
5,18,0
3,46,0
27,49,1
40,39,2
0,29,-1
25,14,2
45,26,-2
43,40,0
39,3,1
47,25,0
1,5,1
14,19,1
49,0,-2
46,45,0
18,6,0
26,27,0
29,4,-1
26,3,0
29,19,0
39,25,2
43,4,2
46,5,0
1,27,0
47,45,1
49,6,-1
14,40,-3
18,0,-1
45,39,-3
3,14,1
25,46,3
5,49,1
6,29,4
0,43,-1
27,47,2
19,26,-3
4,1,2
40,18,0
49,40,1
19,3,0
39,26,0
6,5,0
1,0,-2
18,45,-3
27,4,6
46,47,2
43,25,1
29,14,0
0,19,1
47,39,0
14,18,0
26,6,1
3,43,0
4,49,3
45,29,2
40,46,1
25,1,3
39,5,-1
46,26,-2
18,47,0
19,40,0
1,45,1
29,25,2
6,4,1
49,3,1
43,14,0
27,0,1
40,6,1
4,46,0
26,18,-1
6,45,2
1,43,-1
49,47,-1
4,39,-2
29,26,-2
27,40,2
19,46,-2
0,14,2
43,29,2
46,18,0
40,5,-2
26,1,4
45,4,-2
3,27,0
39,19,-2
47,0,0
14,6,1
25,49,-1
45,27,-1
3,0,-3
46,49,2
40,4,3
26,5,1
43,19,1
39,18,2
25,6,1
14,1,0
47,29,-1
27,39,1
5,3,-1
19,45,3
0,26,0
6,47,0
1,40,-1
29,46,5
18,43,1
49,14,1
4,25,2
5,25,1
14,4,2
46,0,-3
39,6,2
47,19,0
26,49,1
45,5,1
25,18,0
40,29,0
43,27,0
3,1,0
27,3,5
19,39,2
18,46,0
29,43,0
49,25,-3
5,40,-1
0,47,3
1,26,1
4,45,2
6,14,-4
5,27,-1
47,1,-1
25,19,1
45,47,0
27,1,2
0,18,1
40,14,-2
25,39,2
4,43,-1
3,26,0
5,46,-2
6,49,1
19,29,1
18,5,2
29,0,0
47,4,1
26,45,3
43,6,1
39,40,1
1,19,0
49,27,1
46,3,-1
14,25,-1
3,39,1
4,29,0
0,49,2
40,43,-1
25,47,0
5,1,0
27,26,1
45,46,0
6,18,2
19,14,0
3,29,-2
45,49,0
5,43,2
0,39,1
49,5,4
29,6,0
47,27,-4
1,4,3
18,40,2
46,25,2
26,19,0
39,45,0
14,27,1
0,40,0
6,1,1
26,47,1
3,45,-2
19,4,1
29,18,-1
46,39,3
25,27,2
49,43,0
5,14,-2
18,3,0
43,46,0
45,0,0
47,3,1
1,49,-1
39,29,4
4,5,0
27,6,1
18,19,1
40,25,-2
14,26,2
3,6,1
45,25,1
0,4,0
46,27,-2
18,1,0
47,43,0
29,49,3
39,14,0
26,40,5
19,5,3
49,18,-3
40,45,-1
6,46,3
27,19,2
14,47,1
43,39,1
4,3,0
5,0,-2
1,29,1
25,26,3
3,40,2
45,14,-2
5,47,-2
18,4,2
46,1,-1
0,25,0
29,27,0
14,3,2
43,0,0
14,46,3
5,29,0
49,19,0
27,18,1
40,47,2
25,3,5
43,45,0
1,39,0
6,0,1
4,26,-1
39,49,3
19,6,3
14,43,1
5,39,0
45,1,1
47,18,0
40,19,-3
4,6,1
26,46,1
3,49,0
0,27,1
25,29,3
46,4,0
29,3,1
6,40,-1
1,47,0
18,26,1
43,5,0
27,14,1
49,45,2
39,0,2
19,25,-3
26,43,1
4,27,0
40,49,-2
45,18,1
5,6,1
47,46,1
14,29,0
0,1,-1
3,19,-2
25,43,-2
26,39,3
46,40,-3
49,4,-1
18,14,1
6,26,-2
43,3,1
27,5,2
19,0,0
1,25,1
29,45,0
39,47,-1
34,6,-4
4,49,-1
19,1,0
47,30,0
29,0,0
25,40,0
39,14,0
45,27,-1
26,41,4
0,25,-2
18,34,-1
1,4,2
40,29,-1
41,47,0
14,45,1
49,19,2
6,26,-1
30,39,0
27,43,3
41,40,0
25,6,2
47,34,2
1,49,0
14,30,2
4,18,-1
43,26,-4
27,0,6
45,39,-1
29,19,1
18,1,0
6,27,-5
0,41,1
26,47,3
39,25,1
40,14,-1
49,43,-2
19,4,0
30,45,-1
34,29,0
1,29,0
4,0,1
41,45,3
18,47,2
6,30,-1
49,34,-3
40,39,4
19,26,0
43,25,4
27,14,2
45,19,0
14,41,3
29,4,2
25,49,1
0,6,3
47,43,-1
26,18,2
39,27,0
34,1,0
30,40,1
40,45,0
49,29,-1
18,25,-2
4,26,-4
27,30,2
1,47,2
41,39,2
43,0,1
19,34,6
6,14,-4
25,27,0
47,6,-2
14,18,2
34,4,0
30,41,2
39,19,2
26,1,3
45,49,2
29,43,0
0,40,1
49,41,0
29,47,1
1,45,-1
25,30,0
6,40,-2
27,26,-5
19,18,-2
34,14,1
0,39,2
4,43,-1
30,4,0
26,49,2
45,25,-2
14,0,-2
41,6,2
47,19,-2
40,1,0
18,27,-1
43,34,2
39,29,-2
1,30,1
34,26,-1
0,45,3
4,14,-1
27,40,1
29,18,1
25,41,0
49,47,2
19,43,-2
6,39,5
45,6,1
40,19,0
41,27,-1
39,34,-1
30,0,-1
47,4,0
26,29,2
18,49,1
14,25,-1
43,1,2
14,49,3
39,4,2
27,29,0
45,43,-2
40,47,-1
6,18,-2
0,19,0
30,34,1
25,26,0
41,1,0
43,6,3
26,30,4
4,41,2
29,14,-3
47,0,-4
1,27,-1
34,45,0
18,39,-1
49,40,1
19,25,1
41,19,2
30,29,2
45,47,-1
25,34,1
6,1,-1
27,49,3
0,18,1
39,43,1
40,4,1
14,26,1
29,41,0
49,39,-1
19,6,2
18,30,0
4,45,-1
47,14,0
26,0,1
34,27,-2
43,40,1
1,25,-2
49,30,0
4,6,-1
26,39,3
29,45,-1
34,40,-1
1,0,-1
18,41,1
47,25,0
19,27,-5
43,14,0
6,29,-2
27,47,5
25,4,0
40,18,0
14,19,0
39,1,0
45,26,0
30,43,-2
41,34,0
0,49,0
25,29,2
14,1,-2
30,19,0
39,47,0
6,49,0
27,4,-1
0,34,1
41,43,0
40,26,1
45,18,-1
49,14,-1
34,30,-1
19,0,1
1,41,-2
4,39,-1
47,40,-3
43,45,1
26,25,3
29,27,3
18,6,-1
43,18,2
45,30,-1
4,19,2
43,49,0
1,18,0
25,39,0
14,40,1
27,6,3
41,0,1
29,34,1
47,26,-1
34,47,2
40,41,2
49,1,-1
18,4,0
19,29,3
30,14,0
39,45,-1
6,25,2
0,27,-1
26,43,1
49,25,-3
41,14,0
43,47,2
27,39,2
18,26,1
1,34,0
19,45,0
40,30,3
4,29,-2
6,0,0
47,18,0
0,4,6
39,40,-1
30,6,2
34,49,-1
45,41,-1
26,19,3
14,27,0
29,1,1
25,43,0
6,47,-1
41,30,-1
4,34,1
18,14,2
19,39,1
43,29,5
40,0,-1
27,25,1
1,26,-1
49,45,-4
45,40,4
14,6,3
34,19,-1
47,1,0
26,4,3
29,49,0
39,41,2
0,43,3
30,27,-1
25,0,-1
39,30,1
45,14,1
47,41,-2
34,18,0
4,1,0
26,6,2
43,27,-2
19,49,5
29,40,0
18,43,1
6,34,1
49,4,-2
1,19,1
14,39,1
40,25,1
30,47,0
41,26,1
27,45,2
0,29,1
25,18,3
19,41,-3
47,45,0
49,27,-5
29,30,1
4,40,2
34,25,1
18,0,-1
43,39,0
26,14,1
30,49,1
6,4,1
40,34,2
14,43,0
41,18,-2
0,1,3
39,26,0
25,47,-1
45,29,-2
27,19,1
1,14,-2
19,30,1
47,39,2
18,45,2
49,6,-1
26,40,0
34,0,1
29,25,2
43,41,2
4,27,-2
41,29,-2
30,18,0
45,4,3
14,47,1
40,43,0
39,49,1
25,1,0
6,19,-3
0,26,1
27,34,2
1,39,0
43,30,-1
18,40,4
19,14,0
29,6,2
4,25,-1
47,27,1
49,0,-3
26,45,4
34,41,3
30,26,-5
45,34,1
40,49,0
41,4,3
27,1,4
0,47,-1
4,30,2
6,41,0
29,39,3
34,43,1
1,40,0
0,14,0
19,47,1
25,45,-1
49,26,-2
27,18,0
1,6,-1
18,19,4
30,25,-3
40,6,0
47,29,4
39,0,0
41,49,0
45,1,0
43,4,2
14,34,5
26,27,1
25,19,-1
39,18,0
14,29,-2
6,43,-3
0,30,0
27,41,2
34,39,1
6,45,0
1,43,0
29,26,-2
19,40,1
49,18,0
4,47,-1
25,14,3
47,49,1
14,4,1
30,1,2
40,27,-1
18,29,2
41,25,1
39,6,0
45,0,-1
26,34,1
43,19,2
0,40,0
19,30,5
29,43,1
45,25,3
46,1,1
35,39,0
34,41,-5
26,38,1
47,14,-2
18,27,1
14,35,2
14,29,2
43,45,0
41,46,3
1,18,-2
30,34,0
38,47,-2
27,19,1
25,26,0
39,0,0
46,19,3
47,39,0
26,34,2
41,40,0
45,18,2
43,30,0
29,1,0
25,0,-2
38,27,-1
1,41,2
19,45,3
0,38,5
39,26,0
27,47,4
34,14,0
40,25,0
30,46,0
35,43,-2
18,29,0
14,39,1
46,40,0
47,19,-1
41,18,-3
38,1,3
45,35,1
43,34,1
26,0,0
25,27,-1
29,30,1
30,25,-3
40,47,1
0,14,-1
18,38,2
19,26,-1
27,43,-1
35,29,0
39,41,2
1,45,0
34,46,-1
47,18,0
14,30,3
46,0,-2
45,34,1
26,40,3
41,35,0
38,19,0
25,39,0
43,1,2
29,27,-3
41,47,1
45,26,-1
27,39,2
43,14,-2
46,38,3
25,35,1
30,0,1
19,1,1
34,18,0
40,29,0
39,40,0
47,46,1
26,41,1
35,19,0
1,30,0
0,34,1
38,43,-1
18,25,0
14,27,-1
29,45,1
27,0,1
41,14,0
46,26,0
40,1,-1
30,39,1
19,18,0
43,47,-1
34,35,0
25,29,0
45,38,2
47,45,-1
38,41,0
35,30,0
0,19,0
18,40,1
1,27,-1
39,34,1
26,43,1
29,46,-1
14,25,0
0,43,3
26,1,5
45,14,1
35,18,1
29,41,-1
34,38,-2
30,27,1
25,47,3
19,40,-2
46,39,0
18,30,0
39,19,1
47,35,1
1,0,0
27,34,2
40,45,-2
41,25,0
14,26,0
38,29,2
43,46,2
40,34,0
1,35,1
38,30,0
43,25,1
39,29,1
27,46,1
41,45,2
18,0,0
47,26,-2
14,19,0
46,14,2
26,18,0
25,38,1
0,41,-2
45,39,-1
19,43,-3
35,27,-1
34,1,0
30,40,1
29,47,3
41,30,-1
38,35,1
0,45,2
47,34,0
40,14,-2
1,39,0
26,27,-1
18,43,1
46,25,-1
19,29,1
40,35,3
25,1,-2
39,18,0
29,26,-2
27,40,2
34,19,1
30,47,1
43,41,1
45,46,0
35,0,-3
26,35,1
25,19,4
47,0,-1
46,18,-1
43,39,0
29,34,1
38,40,-1
45,30,1
14,1,8
41,27,0
30,14,-1
1,43,-4
19,38,0
40,26,1
34,45,-1
27,29,1
18,47,1
35,41,0
39,25,2
19,41,-1
27,45,2
35,46,1
30,26,-1
1,47,-3
39,38,0
40,43,-1
0,29,4
18,14,-1
34,25,-3
47,27,-4
43,35,2
26,39,3
46,30,1
41,1,0
38,0,0
45,19,-1
14,34,-1
25,40,3
29,18,-1
39,14,-4
40,46,3
19,47,0
30,29,0
18,41,0
1,38,-1
34,43,0
35,45,1
27,25,1
0,26,-2
14,38,0
25,30,5
29,35,-1
41,39,2
26,19,2
47,40,-1
45,1,0
46,34,0
14,0,1
43,27,0
38,18,0
0,46,4
39,47,0
1,29,-1
40,41,0
34,26,0
27,38,1
19,46,2
0,25,0
35,14,0
18,45,1
30,43,0
35,40,1
0,39,1
18,1,0
47,38,0
29,14,1
46,41,1
34,30,0
19,27,-1
45,43,-1
26,25,0
14,47,3
41,34,3
40,0,-1
43,29,1
39,35,1
30,19,0
38,26,2
27,18,2
1,46,1
25,45,-2
25,41,5
34,27,-2
35,47,-3
19,39,1
0,1,1
45,40,1
30,18,1
29,38,2
26,14,2
46,43,-1
14,45,1
27,30,4
41,29,1
47,25,-4
38,34,-1
18,35,2
39,46,-1
40,19,0
43,0,1
1,26,-1
30,38,0
35,1,-1
45,41,1
34,40,2
29,39,1
25,43,1
1,34,1
27,35,1
18,26,2
39,45,0
41,0,-2
38,25,2
14,46,2
43,19,-1
47,29,1
40,30,0
0,35,3
38,14,1
41,43,-1
26,29,4
40,27,-1
47,30,1
18,39,1
46,45,2
1,25,-1
19,34,1
30,41,0
39,1,-2
45,0,-1
35,38,-2
14,40,1
43,18,0
29,19,1
25,46,0
34,47,0
27,26,-1
18,34,2
1,19,0
0,30,2
38,46,0
35,25,0
39,27,-2
29,40,-3
0,18,0
26,47,1
19,14,-3
46,27,0
34,39,-2
45,29,0
46,47,2
40,18,1
41,38,0
30,35,1
19,0,-1
43,26,2
25,14,0
27,1,3
29,25,-6
26,46,1
47,43,0
38,45,-3
39,30,1
18,19,1
0,27,0
14,41,2
35,34,0
1,40,5
34,0,-1
41,26,0
46,29,0
30,1,-1
45,47,-1
19,35,-2
43,38,1
27,14,-1
25,18,0
40,39,0
26,45,1
47,41,-1
14,43,0
1,14,-1
27,41,1
19,25,-2
30,45,4
40,38,0
39,43,-1
34,29,-1
18,46,2
35,26,-2
0,47,3
25,34,1
47,1,0
38,39,0
41,19,-3
46,35,2
26,30,-1
14,18,1
43,40,1
29,0,-1
45,27,0
41,27,-3
46,12,2
30,18,0
40,19,-1
0,1,-2
25,39,1
45,38,-1
16,43,-1
14,21,2
26,29,4
14,1,1
21,30,1
38,40,0
19,0,-2
18,45,0
29,46,0
39,16,1
1,25,-1
43,41,1
12,26,1
27,14,0
26,21,2
29,19,1
16,40,2
46,39,-1
30,38,1
12,18,0
0,43,1
25,27,1
45,41,-2
18,14,1
21,12,0
27,16,2
19,45,0
39,26,0
40,0,-2
1,29,-1
43,30,2
38,46,0
41,25,0
30,1,-1
46,18,-1
45,40,3
29,21,-1
25,38,-1
14,19,2
0,39,2
12,43,-1
26,27,3
16,41,-2
41,0,-1
1,26,1
21,46,1
38,16,2
27,45,-1
19,12,-1
43,14,0
40,25,-2
39,30,-1
18,29,1
12,29,-1
26,18,2
25,16,2
19,39,1
40,27,-1
21,1,0
43,46,-3
30,14,-2
38,41,2
45,0,0
14,12,3
29,25,0
18,21,1
27,38,0
0,30,3
46,26,-2
39,45,0
41,40,4
1,43,-2
16,19,-3
16,0,-2
27,39,1
1,18,-2
30,12,0
38,19,2
25,45,3
40,29,1
43,21,1
41,46,0
14,26,1
29,14,2
21,40,1
46,1,0
45,16,2
19,27,-2
39,38,0
0,25,2
26,30,7
18,43,0
12,41,1
30,46,2
38,21,3
14,45,0
16,18,0
1,12,2
25,19,4
27,0,1
43,29,-1
40,26,1
41,39,0
18,25,0
19,41,-1
29,30,1
21,16,-1
39,40,2
0,38,2
46,14,-3
12,27,0
26,43,6
45,1,0
46,19,3
30,16,1
18,39,4
12,0,-3
29,45,1
1,40,0
21,25,2
26,41,3
14,38,2
43,27,0
16,46,1
38,1,-1
0,21,2
45,26,-1
39,12,0
25,30,4
19,43,-1
41,29,3
40,14,-1
27,18,-1
27,29,-1
16,12,2
25,46,3
45,30,-2
39,14,1
40,43,-1
38,26,0
0,18,0
19,1,2
41,21,0
46,40,0
14,16,1
12,45,1
21,39,0
29,38,0
18,19,3
26,0,3
1,27,-3
30,41,0
43,25,-5
40,30,0
27,46,2
19,26,-2
25,12,2
16,29,-3
39,1,1
45,21,0
41,18,-1
38,43,-1
0,14,0
14,41,1
21,27,-1
26,25,1
46,0,-2
1,16,-1
18,40,-1
29,39,4
30,19,-1
43,45,0
12,38,-3
30,27,-1
46,45,0
12,40,0
21,19,6
1,41,0
26,16,1
14,25,1
43,39,3
18,38,1
29,0,-1
40,1,-1
39,18,0
16,30,0
25,21,2
38,14,-3
0,12,2
27,43,-1
45,29,1
41,26,-1
19,46,1
12,46,-2
27,41,2
38,45,1
18,30,2
19,40,-3
43,16,2
21,14,-2
29,26,-2
39,25,-2
1,0,-1
25,1,0
0,19,2
46,29,-2
30,21,1
16,39,1
26,12,2
40,38,0
41,43,-2
14,27,2
45,18,0
25,18,4
16,21,1
41,19,2
38,0,0
27,12,2
30,29,0
14,46,0
40,39,1
1,45,1
43,26,-4
12,30,1
29,40,-3
19,38,-3
21,43,0
39,27,1
46,41,2
18,1,1
45,25,0
0,16,2
26,14,-1
16,45,2
14,29,3
25,0,4
41,12,3
38,39,0
30,26,0
40,21,-2
1,46,-2
27,19,0
43,18,1
46,30,2
12,1,0
45,14,0
21,38,-1
29,43,-4
19,25,-1
39,41,0
0,27,0
0,40,3
16,27,-2
26,39,1
45,19,0
14,18,1
46,38,2
12,21,-4
30,43,1
25,41,1
29,1,1
38,25,-3
21,29,-3
18,46,1
39,0,1
19,14,-2
43,12,1
1,30,3
41,16,0
12,19,2
16,38,-1
14,43,4
45,27,-3
30,39,0
1,14,1
41,45,-1
19,29,1
39,46,2
18,12,1
21,26,-2
40,16,0
38,30,2
27,25,-3
43,0,-1
29,16,1
26,19,5
14,0,6
46,27,-2
30,40,2
21,45,2
12,25,-3
18,41,1
43,38,1
1,39,-3
27,26,-3
29,18,-3
0,41,0
46,21,1
25,40,1
16,14,1
38,29,4
45,12,0
39,21,1
0,26,0
27,1,3
41,30,3
19,18,-2
25,43,4
40,46,-1
26,38,3
30,45,-1
29,27,-4
1,19,-1
14,39,3
21,41,1
12,16,-3
46,25,-1
18,0,3
43,40,4
19,30,1
45,43,0
16,1,1
38,12,-1
39,29,1
40,18,-1
41,14,-1
25,26,1
0,46,2
26,40,0
18,16,-1
12,39,0
46,16,-1
14,40,-1
29,41,-1
1,38,0
43,19,2
18,27,2
30,25,-1
21,0,-3
26,45,2
19,21,0
27,30,4
45,46,1
39,43,-1
41,1,3
38,18,2
16,26,-2
25,14,-2
40,12,4
0,29,3
27,40,-1
39,19,3
1,21,2
41,38,-1
29,12,3
18,26,-1
46,43,2
14,30,0
0,45,1
16,25,0
27,21,2
40,45,2
26,1,4
43,1,3
21,18,-2
40,41,-2
30,0,-2
25,29,1
38,27,0
19,16,0
12,14,-1
26,46,2
45,39,-1
27,41,-1
45,40,0
24,18,0
46,43,-1
34,21,-1
39,1,-1
0,16,1
25,38,1
29,26,-2
11,14,-2
1,29,0
41,11,1
16,46,-2
38,45,0
14,24,2
18,0,0
43,34,4
21,39,0
40,27,0
26,25,2
11,27,0
46,38,-2
26,39,-1
41,45,3
29,16,0
34,40,1
18,14,-3
43,25,-3
1,21,1
24,0,0
0,26,0
40,43,0
39,24,-1
45,18,-2
38,29,4
16,11,0
14,41,2
25,1,-1
27,34,4
21,46,0
34,39,0
11,40,0
1,0,-3
29,21,0
41,38,-1
46,25,2
24,27,2
43,45,-1
18,16,-1
26,14,0
25,18,0
27,46,1
14,1,3
38,34,1
40,41,0
16,24,2
21,26,-2
0,43,0
45,11,4
39,29,1
25,45,1
40,39,2
41,29,0
24,11,0
21,16,2
1,26,-2
27,18,1
14,0,2
43,38,1
46,34,2
26,43,3
16,14,-1
11,46,-2
38,40,8
0,21,0
18,1,3
29,24,1
34,25,-1
39,41,1
45,27,0
46,26,1
38,39,1
45,16,0
40,0,-2
25,21,0
41,24,2
11,18,-2
43,29,-1
27,14,0
34,1,2
29,25,1
14,34,1
21,38,-1
18,41,0
39,46,0
24,45,-1
0,11,3
26,27,1
1,43,-1
16,40,-2
25,14,-1
27,16,1
38,24,2
46,1,0
11,21,1
34,26,0
45,29,-2
40,18,0
43,39,-1
41,0,1
18,46,1
24,40,0
29,34,1
26,41,1
39,11,-1
14,45,2
0,27,-1
16,25,2
21,43,-1
1,38,0
45,0,-1
41,16,0
34,24,1
11,1,0
25,39,1
46,29,1
27,21,3
40,14,0
38,26,-3
43,18,1
41,34,2
24,25,-2
27,39,1
11,29,0
45,46,-1
16,1,-1
18,21,0
0,38,1
40,26,-3
14,43,3
29,14,1
34,11,2
25,40,0
43,16,0
21,45,0
39,0,1
26,18,1
46,41,2
1,24,1
38,27,-1
24,26,-1
45,1,1
14,21,2
11,38,1
16,39,0
40,46,0
0,29,3
27,25,3
41,43,-1
18,34,2
26,16,3
38,18,3
34,45,1
1,27,0
46,24,2
43,11,1
21,41,-1
29,40,-1
25,0,0
39,14,-2
14,46,2
45,26,-2
24,43,-1
40,21,-2
27,29,2
41,1,1
18,39,-1
11,25,-1
16,38,-2
0,34,1
43,27,0
38,14,0
34,16,0
26,11,0
39,45,2
46,0,-1
1,40,0
21,24,-1
29,18,1
25,41,3
39,27,0
26,40,1
38,0,2
29,11,0
1,16,0
46,45,0
34,41,0
21,18,2
25,24,0
43,14,2
40,25,-1
41,46,0
45,21,1
24,1,1
18,26,0
14,29,2
11,34,1
16,43,1
0,39,3
27,38,-1
43,40,1
1,25,-2
24,39,-1
34,27,-2
11,16,-1
41,14,-5
29,38,-1
46,21,3
26,0,-2
18,45,0
21,29,-3
27,24,2
16,18,-1
25,46,2
40,11,2
45,43,-3
39,34,2
14,26,0
0,1,5
38,41,-1
43,0,1
1,14,-1
41,40,0
34,38,-1
24,16,-1
26,21,0
18,25,0
11,45,0
29,39,0
46,27,0
21,1,2
0,24,1
40,34,-2
25,43,1
27,11,2
39,26,-3
14,18,1
38,46,0
16,29,0
45,41,2
14,11,0
16,0,-1
41,27,1
21,34,1
1,39,-1
40,45,0
26,29,5
43,46,0
18,24,0
38,25,-2
46,16,-2
45,38,1
29,1,1
11,41,-1
39,21,1
27,40,2
25,26,1
0,18,2
38,16,1
21,40,0
1,45,1
39,18,2
46,14,-1
26,24,2
34,0,-1
43,41,1
29,27,-1
25,11,2
34,43,-1
16,34,2
40,1,-4
24,21,0
0,46,3
45,39,1
11,26,1
14,38,0
27,43,3
18,29,3
41,25,-1
26,45,3
43,24,1
38,11,2
39,16,-1
1,41,-1
29,0,-1
46,40,1
25,27,-1
34,18,-1
21,14,-1
0,25,3
27,1,2
18,38,1
41,21,2
24,46,1
45,34,-3
14,39,1
11,43,0
40,29,1
16,26,1
1,34,0
41,18,0
43,1,-1
40,16,-3
46,39,0
38,21,2
45,24,-1
11,0,-1
34,14,-1
27,26,2
25,29,2
39,38,1
16,45,-2
24,41,2
18,11,1
14,27,1
26,46,2
29,43,-2
38,43,0
39,40,0
11,24,-1
34,46,0
29,41,-1
16,21,-2
45,25,0
26,1,1
18,27,3
0,14,0
21,25,1
24,14,-2
24,29,3
46,11,1
25,34,1
1,18,1
41,39,2
40,38,1
27,45,-1
14,16,1
43,26,-1
21,0,-2
18,40,-2
24,38,2
29,45,0
1,46,1
39,43,3
21,11,-1
16,27,-1
26,34,6
14,25,0
0,41,-1
38,1,5
40,24,0
34,29,1
46,18,-1
43,21,2
11,39,0
25,16,-2
41,26,-2
27,0,0
45,14,3
0,40,0
39,25,5
1,11,-1
21,27,0
26,38,2
14,40,2
0,45,3
16,41,1
29,46,2
24,34,4
18,43,-1
27,43,1
30,16,-2
18,44,0
24,40,2
7,1,-1
14,41,0
29,38,0
0,46,-2
39,25,-1
45,26,-3
1,27,-1
38,18,-3
40,30,-2
46,24,-1
41,29,2
43,39,0
44,45,0
16,0,-1
26,14,3
25,7,1
27,29,0
24,43,0
16,1,1
46,7,-1
40,41,0
30,39,0
45,14,-1
44,38,0
18,26,-2
0,25,0
29,0,-1
7,24,0
1,40,0
39,45,-1
14,16,-1
26,44,2
25,46,-3
43,18,0
38,30,3
41,27,1
18,14,2
45,38,0
30,7,2
44,41,1
0,39,2
16,26,-1
27,25,2
40,43,-1
24,1,1
46,29,2
14,0,2
1,45,-1
41,18,0
29,44,-1
7,40,2
39,24,0
26,46,-1
43,16,1
25,30,0
38,27,-1
43,26,3
25,1,1
39,7,1
46,30,0
27,40,3
24,0,-3
38,41,2
29,14,0
44,16,-1
45,18,-1
16,45,2
7,44,0
30,24,-1
1,39,-1
40,46,0
26,29,5
14,38,-2
18,25,0
41,43,0
0,27,3
43,25,0
14,1,2
26,7,4
38,24,0
18,27,-3
16,46,-2
45,40,1
44,0,-3
29,30,4
41,39,-1
39,44,-2
1,41,-1
24,16,1
46,14,1
30,45,-1
0,18,1
40,29,3
7,43,-4
27,26,0
25,38,0
14,25,-2
41,0,-3
45,24,-1
26,30,1
16,27,0
44,46,2
29,39,0
18,40,4
38,7,2
43,1,2
7,29,-1
30,41,1
24,44,1
40,38,-1
27,45,2
46,18,0
39,14,1
1,26,0
0,43,0
25,16,-1
44,27,-1
14,30,1
18,1,4
38,39,-1
45,0,1
41,7,0
29,24,-3
26,25,-3
43,46,3
16,40,-1
40,39,2
26,38,2
16,29,4
1,44,-1
7,18,0
24,27,0
43,14,0
46,45,0
25,41,1
30,0,0
39,26,2
38,1,0
44,30,2
45,43,0
41,24,-3
27,46,0
0,40,2
14,7,-1
29,25,2
18,16,0
30,18,0
40,44,-1
46,39,0
16,38,1
26,41,1
7,27,1
1,0,-2
25,45,0
43,29,-1
24,14,1
39,16,-1
27,30,-1
38,43,-2
14,40,2
18,24,-1
45,7,-1
29,1,0
44,25,3
41,46,0
0,26,1
39,27,2
26,40,3
1,46,0
7,16,0
43,30,3
41,45,1
14,44,0
25,24,1
29,18,-1
38,0,4
45,29,1
30,1,2
18,39,-1
44,43,-1
16,41,0
0,7,2
27,14,0
46,38,1
24,26,0
40,25,-1
46,25,2
27,41,1
40,1,2
45,39,1
0,29,1
24,7,0
30,38,1
44,26,-1
16,14,-3
18,43,0
7,46,-2
1,16,1
29,27,0
14,45,0
38,44,2
41,40,-2
26,18,0
39,30,2
43,24,-1
25,0,0
43,40,3
7,30,3
26,16,4
29,46,1
38,45,3
14,18,0
1,24,0
25,27,-1
39,0,0
41,44,1
30,25,-1
27,38,-1
24,39,3
16,43,-2
44,29,1
40,7,0
45,1,0
46,26,0
18,41,-1
0,14,-1
30,43,-3
40,26,-1
0,38,0
46,1,2
24,25,2
27,39,3
45,41,0
16,7,-1
44,14,0
18,29,3
26,24,-2
43,44,1
39,18,-3
29,45,1
25,40,0
41,16,0
1,30,2
38,46,1
7,0,-2
14,27,0
40,27,1
16,44,-1
30,46,0
18,45,-1
7,39,-2
41,38,-1
14,29,4
0,24,1
1,25,-6
26,43,-1
46,40,1
24,30,1
38,14,-1
39,1,1
44,7,0
45,16,1
43,41,1
27,0,1
40,16,0
24,45,0
7,38,2
30,14,-1
1,18,-2
0,41,-1
46,43,1
39,29,1
27,44,1
25,26,3
43,0,0
41,30,1
14,39,0
26,1,4
29,7,-2
38,40,0
18,46,-1
44,24,-1
16,25,-1
45,27,1
30,26,0
7,41,1
39,38,-1
1,43,-2
24,29,1
18,0,-2
44,39,-1
16,24,-1
14,46,0
45,30,-1
41,1,1
38,25,1
29,40,0
26,27,-1
43,7,3
1,14,-4
0,44,4
39,41,0
46,16,0
30,29,1
7,26,-4
40,45,0
25,43,0
24,38,1
27,18,1
46,0,0
16,30,1
38,29,2
41,14,1
1,7,-1
44,18,0
26,45,1
40,24,-2
25,39,3
43,27,3
16,18,0
30,40,-3
18,38,0
27,1,1
45,44,-1
29,41,3
14,26,-3
24,46,0
7,25,-1
0,16,0
39,43,-4
29,26,0
25,18,4
46,44,2
27,16,2
0,45,2
26,39,4
1,38,-2
25,29,0
7,14,-3
40,0,0
24,41,4
43,45,0
44,1,1
18,7,1
39,40,0
45,46,-3
29,16,1
0,30,1
41,25,2
27,24,0
38,26,2
14,43,0
30,27,-1
40,14,1
7,45,0
16,39,1
1,29,0
46,41,-3
24,18,2
43,38,-1
25,44,2
26,0,0
46,27,1
40,18,3
25,14,0
30,44,2
41,26,0
45,25,0
0,1,4
38,16,3
18,30,3
29,43,4
39,46,1
44,40,0
14,24,0
27,7,2
21,24,1
28,39,0
11,41,-1
18,43,0
16,45,-1
38,44,0
26,40,1
7,27,-2
0,25,-1
14,46,1
27,38,2
39,26,-3
43,16,1
11,25,2
45,18,-1
41,21,-2
44,14,-1
24,0,0
40,28,-1
46,7,1
43,25,0
24,41,1
44,0,-2
38,40,0
18,39,1
14,11,3
16,7,0
21,27,-1
45,28,0
26,46,2
27,26,-1
7,45,1
46,44,-2
0,38,1
39,43,-4
11,21,0
28,16,-1
25,24,3
41,14,0
40,18,-3
14,25,-1
26,7,4
45,46,2
21,0,-3
24,11,3
18,28,2
44,27,2
38,41,1
16,39,3
43,40,1
27,24,3
25,21,4
7,18,1
41,26,-2
28,43,-1
39,45,0
40,16,-1
0,14,3
46,38,-3
11,44,2
18,16,0
41,25,-1
21,14,-2
40,45,0
44,7,0
46,28,0
27,39,0
24,38,0
43,26,2
11,0,-1
14,24,3
26,18,0
39,40,2
0,41,1
45,43,0
7,21,5
16,46,-1
28,44,-1
38,11,2
25,27,0
7,43,0
24,16,2
46,40,1
41,44,0
21,39,-2
0,28,0
11,18,1
25,45,1
26,38,0
14,27,4
40,0,-3
45,26,-4
28,7,2
27,11,0
44,21,1
43,24,0
16,25,-2
18,46,2
38,14,-2
39,41,2
7,40,-1
11,16,1
46,39,0
26,28,0
14,18,5
0,43,0
25,44,5
21,38,1
41,27,-2
24,45,-1
27,0,0
38,25,0
16,26,-1
44,24,1
39,7,-1
40,21,3
18,41,0
43,46,1
28,14,-1
45,11,4
11,26,-1
24,28,0
21,45,0
41,16,1
25,40,2
14,43,1
44,39,-1
0,7,2
27,46,0
38,18,1
26,14,-2
45,44,2
39,11,2
16,38,3
40,24,1
43,41,5
46,0,-4
7,25,1
18,27,0
28,21,1
44,18,1
41,40,3
0,39,2
21,16,0
11,7,1
24,26,2
14,45,1
38,28,1
27,43,1
25,46,0
7,24,1
18,0,1
46,11,1
40,14,-1
28,25,-3
45,41,2
39,38,0
16,27,-1
26,44,2
43,21,3
16,14,-1
40,44,1
39,24,0
28,41,3
46,21,1
45,27,-2
7,38,-2
26,0,1
43,11,1
18,25,-1
44,16,0
24,18,-2
14,7,3
41,46,-3
0,45,1
27,40,2
11,28,1
21,26,-3
25,39,3
38,43,-3
21,18,0
38,45,-1
27,28,1
11,40,3
24,46,1
41,7,-3
14,39,2
25,26,1
44,43,-3
0,16,2
28,24,0
26,11,1
40,25,0
18,38,3
45,21,2
46,27,-2
7,0,0
39,44,2
16,41,-1
43,14,2
43,45,4
21,7,2
40,39,-2
11,38,1
41,0,-4
46,16,3
44,28,0
24,14,-3
18,26,4
27,25,0
25,41,-1
39,27,0
16,18,-1
28,46,-2
45,40,2
7,44,0
26,43,0
38,24,3
0,11,1
14,21,2
41,38,1
7,16,-2
28,45,0
0,44,-1
11,24,1
40,43,0
25,14,0
46,26,-4
39,18,0
27,21,0
14,0,2
18,7,3
45,39,1
16,40,-4
21,25,2
38,46,-2
44,11,1
43,28,1
26,41,1
24,27,-3
0,21,2
39,16,1
28,18,0
40,38,-4
27,44,2
46,45,0
25,43,2
11,14,0
41,24,2
7,26,-2
16,28,1
14,41,2
18,40,2
21,11,0
45,7,1
44,46,0
43,39,4
24,25,2
27,7,0
44,38,-1
24,21,2
45,16,-2
39,28,2
41,11,1
25,0,2
43,18,1
40,26,-2
46,14,-1
26,39,0
7,46,1
18,45,3
21,41,1
25,11,1
45,0,2
39,14,-1
16,44,1
46,24,-1
18,21,4
40,11,0
7,41,2
28,27,-2
43,38,1
26,25,0
25,18,2
21,46,1
27,45,0
14,16,-1
11,43,-2
24,39,2
44,40,1
38,7,0
41,28,0
0,26,0
11,39,1
44,45,2
24,40,2
27,18,0
0,46,3
41,43,-2
38,16,2
21,28,2
25,7,0
14,26,1
43,44,4
28,11,0
26,21,2
39,25,-1
45,38,-1
46,41,1
7,14,-2
40,27,-3
18,24,2
16,0,3
43,7,4
39,21,2
40,46,0
44,41,1
16,24,0
18,11,2
38,26,-3
45,25,-1
27,14,2
28,0,-1
41,39,2
7,28,4
46,18,0
21,44,2
11,27,-2
25,16,-1
14,38,2
28,40,1
0,24,1
16,43,-1
26,27,0
38,21,0
40,7,-1
45,24,-1
39,46,0
16,11,-2
27,41,0
18,14,-3
28,26,0
43,0,2
44,25,-1
46,43,1
26,16,5
7,39,0
24,44,3
21,40,-2
11,45,0
41,18,1
25,38,0
0,27,2
14,28,3
38,0,-2
18,44,1
45,14,-1
26,24,1
40,41,-2
28,38,-1
7,11,1
39,0,-3
16,21,4
46,25,-4
43,27,1
14,44,1
0,40,2
26,45,2
38,27,0
24,43,-5
27,16,2
44,26,-5
21,43,-6
24,7,0
25,28,3
38,39,-1
11,46,-1
0,18,2
41,45,1
14,40,4
0,24,1
44,25,0
38,41,0
14,11,-1
45,7,1
18,39,1
16,20,-3
10,26,-2
29,43,-2
27,46,4
41,27,-4
24,10,2
11,45,-1
25,16,1
7,44,-2
38,46,1
39,0,1
20,29,1
43,14,-1
26,18,0
7,26,-1
44,10,0
29,46,3
16,41,-2
20,38,0
27,24,2
45,39,0
14,18,2
25,0,4
43,11,0
26,25,5
38,44,-2
18,43,-3
10,45,2
24,14,-1
0,7,3
39,27,0
11,16,1
41,29,-1
46,20,2
7,10,1
16,38,-1
45,46,0
25,11,0
29,39,1
44,26,-6
20,24,0
43,41,0
14,0,0
27,18,4
46,43,-1
26,16,5
18,7,1
11,20,0
41,44,-1
38,27,-1
39,14,-4
24,25,-1
10,29,1
0,45,2
20,43,-4
46,41,1
45,44,0
7,24,0
27,16,4
39,38,1
14,26,-1
0,10,2
18,11,-1
29,25,0
25,27,0
43,7,1
26,39,5
16,14,1
11,46,0
41,20,2
44,0,1
10,18,0
38,29,0
24,45,0
46,10,-3
14,44,2
20,27,1
29,16,1
41,24,-1
39,7,-1
26,11,3
38,45,1
18,0,-3
43,25,3
27,43,1
44,39,-1
0,41,1
16,46,0
45,26,-1
25,20,3
7,14,-1
10,38,0
24,18,2
11,29,1
39,24,0
38,11,-1
41,10,-1
29,7,-1
20,45,1
46,25,-3
43,16,1
26,0,2
18,44,1
14,27,1
0,43,2
11,41,2
16,18,0
7,20,4
25,38,3
45,14,-4
24,26,-2
27,29,3
44,46,2
10,39,0
46,24,0
41,7,0
43,45,0
27,10,1
16,39,1
29,44,-3
25,14,0
38,18,3
11,0,-1
20,26,-1
10,16,0
24,43,1
44,27,-2
45,29,0
0,20,5
14,41,1
7,11,-1
26,38,1
18,46,4
39,25,-3
14,29,2
18,20,2
39,41,1
44,43,0
24,11,1
45,16,0
10,25,-4
0,27,-2
7,38,0
26,46,1
46,14,1
41,45,1
43,39,4
16,7,0
11,44,1
20,10,2
29,24,-1
38,0,0
25,18,0
27,26,-1
11,39,1
20,14,-2
16,44,1
38,24,-3
41,26,-4
29,18,-1
27,7,1
43,10,2
25,45,0
46,0,0
24,16,-3
10,11,0
14,38,1
0,29,1
44,20,-3
39,46,-3
26,43,3
45,27,-1
7,25,-4
18,41,2
0,25,0
18,14,0
38,20,0
10,44,1
39,45,2
41,16,0
46,29,-1
26,7,4
11,43,-3
24,27,0
43,38,3
27,11,0
14,10,2
44,24,1
45,18,0
20,39,0
7,46,0
25,41,5
29,26,-1
16,0,-1
29,10,0
25,24,1
14,39,5
20,11,0
44,41,-1
7,18,1
27,38,0
16,26,0
45,0,0
10,7,0
11,25,-1
24,20,3
39,29,-1
18,27,-2
38,16,-1
46,45,1
41,43,-2
26,44,2
0,14,0
43,46,0
29,41,0
16,11,1
44,38,0
14,24,0
45,10,2
20,46,-3
43,18,4
7,0,1
25,26,1
27,39,3
10,14,-4
18,45,0
11,27,-1
0,16,3
24,44,2
46,7,0
39,20,2
26,29,2
38,43,0
41,25,1
41,0,2
46,16,0
20,25,-3
38,10,0
14,7,-3
18,24,1
29,11,0
39,44,0
26,45,3
43,27,2
11,26,0
24,41,0
7,39,1
45,38,-1
27,20,2
10,46,2
0,18,4
16,29,0
25,43,0
44,14,3
43,0,1
18,16,2
39,10,0
41,11,1
46,44,2
26,24,4
20,7,3
29,27,1
38,25,-2
14,45,3
24,39,0
11,38,0
45,20,-1
25,46,3
7,29,0
10,41,3
44,18,1
16,43,-1
27,14,1
0,26,-3
11,18,1
41,46,3
43,20,2
38,39,0
24,7,0
44,45,1
25,29,2
10,0,1
26,14,1
16,27,-1
27,25,1
20,41,0
45,24,-3
18,10,2
29,38,3
46,11,-3
14,16,1
0,44,3
7,43,-3
39,26,-2
7,45,1
39,18,-1
20,16,-2
25,44,5
16,25,-1
44,7,0
10,24,-2
45,11,-1
29,20,1
27,41,2
46,38,3
18,26,-2
0,39,3
14,43,-2
18,25,0
24,29,-1
10,20,0
39,43,-1
7,16,0
44,11,-1
45,41,0
26,27,-1
0,38,1
14,46,0
38,14,-1
11,24,1
16,10,1
41,18,0
20,44,1
25,7,3
43,26,-2
29,0,1
27,45,-1
46,39,0
10,43,0
7,27,-2
11,14,-1
24,38,0
45,25,0
44,16,0
39,11,0
0,46,3
26,41,5
18,29,1
25,39,0
11,10,0
20,18,-2
38,7,1
16,24,5
29,45,-1
41,14,-1
46,26,-3
27,0,1
43,44,2
10,27,1
39,16,-1
7,41,1
44,29,1
45,43,1
24,46,-2
18,38,0
26,20,0
14,25,1
0,11,5
41,38,-1
24,0,2
26,10,2
43,29,1
14,20,0
46,27,0
38,26,-1
41,39,-1
27,44,1
11,7,-1
29,14,3
46,18,2
20,0,-1
43,24,1
16,45,2
25,10,4
27,24,1
29,43,-1
7,12,2
19,16,-2
20,14,-3
44,10,2
49,18,0
38,11,0
25,46,4
0,26,-2
12,29,0
18,38,1
46,7,-1
24,49,2
43,19,2
14,0,1
26,20,5
11,44,-2
10,27,1
16,25,-2
49,26,0
0,46,2
20,12,0
38,24,-1
7,18,0
25,10,1
44,16,1
19,11,2
29,14,-1
27,43,-3
24,25,-1
14,7,2
18,20,0
16,38,-2
10,19,0
46,49,-1
26,29,1
12,0,-1
11,27,-2
44,43,1
43,25,-1
20,16,-1
29,0,-1
14,12,3
26,19,3
7,24,2
44,27,-1
49,11,1
18,46,-2
38,10,0
19,44,0
16,29,0
24,20,2
11,7,4
27,49,0
25,38,3
12,26,-5
10,43,-1
46,14,0
0,18,2
46,27,2
20,43,-2
29,24,-2
18,19,3
0,44,2
26,10,2
49,38,2
14,25,0
12,11,-1
7,16,1
10,46,1
44,7,-4
11,20,0
16,49,-1
43,12,1
24,18,-1
27,29,1
19,0,-4
38,14,-3
25,26,0
14,27,0
12,19,2
49,44,-2
29,10,-1
7,38,0
46,43,-1
26,11,5
20,25,-1
18,16,2
0,24,2
38,29,0
19,7,-3
25,12,3
44,20,3
10,49,1
24,46,0
16,0,0
11,14,-4
27,18,1
43,26,-1
7,27,-1
29,44,1
18,10,2
46,11,2
12,24,-1
0,25,0
49,43,-1
26,38,5
14,16,2
20,19,1
12,10,1
29,7,1
38,44,0
24,11,0
20,46,0
16,43,-1
25,19,2
14,18,0
0,49,0
26,27,2
18,12,1
10,24,0
19,38,1
27,16,0
46,26,-4
44,25,-3
43,14,2
7,0,-1
49,20,-2
11,29,-1
12,49,1
20,10,-1
16,11,2
24,44,2
26,7,2
29,46,-3
38,27,0
14,19,2
0,43,2
25,18,1
46,12,2
10,16,2
7,20,1
44,26,-1
19,24,0
49,14,1
11,25,-2
18,29,0
27,0,0
43,38,2
7,25,-4
11,10,1
12,38,1
27,19,3
0,20,1
46,16,1
14,26,2
24,43,-2
29,49,-1
18,44,0
26,18,2
49,7,2
20,29,-1
44,12,1
16,24,1
43,11,1
19,46,-2
10,14,-1
38,0,1
25,27,2
49,25,-2
0,11,2
14,24,-1
46,44,-2
7,10,2
29,19,0
20,38,-2
26,16,-1
12,27,-4
18,43,-4
19,49,0
16,12,0
11,18,-4
27,20,2
43,7,5
24,26,1
25,29,4
10,0,0
44,14,-1
38,46,-1
43,49,-2
24,12,-1
44,29,0
19,20,1
10,18,1
25,0,4
16,14,-1
38,26,-2
11,46,2
27,7,3
18,24,-1
0,19,3
12,43,-3
20,11,-1
7,44,0
14,38,0
46,10,0
49,16,-2
29,27,-2
26,25,1
46,0,1
12,20,0
11,19,1
16,44,-1
24,38,-1
10,25,-1
14,29,1
18,7,2
43,27,-1
26,49,3
49,24,1
29,12,3
44,11,0
27,10,1
7,46,2
38,18,1
25,16,1
0,14,2
20,26,-3
19,43,-1
49,46,3
0,12,1
20,18,-1
19,10,2
27,11,0
29,26,1
38,16,0
7,14,4
43,44,1
25,24,0
43,29,1
18,49,-2
14,20,5
16,19,2
10,44,0
11,38,0
12,7,2
24,27,-1
26,0,2
46,25,0
18,26,-2
19,27,-3
20,0,-1
16,46,0
44,18,1
25,7,3
38,12,-1
10,11,-2
43,24,2
26,14,6
49,29,0
46,19,2
12,44,-4
11,43,1
7,49,0
29,20,2
24,16,-3
27,25,0
0,38,2
20,49,1
12,18,-3
24,10,1
29,11,2
0,7,4
38,19,2
16,27,-2
25,44,5
26,46,1
14,43,2
43,0,0
49,12,2
7,26,-1
27,38,1
11,16,-2
10,20,1
46,29,2
44,24,1
19,14,-1
18,25,0
16,10,-1
38,43,1
20,7,-2
24,19,2
12,46,2
29,18,1
26,44,2
25,11,2
14,49,0
0,27,2
46,20,1
7,29,0
11,24,-1
19,25,-1
18,14,2
19,26,-2
16,20,2
10,38,-1
11,49,2
24,7,2
27,44,1
46,18,-2
12,14,-1
25,43,1
0,29,2
44,19,3
49,27,1
14,10,3
43,16,2
26,12,2
38,25,-2
29,16,-1
20,24,-3
7,11,-2
18,0,1
14,46,2
24,29,-1
43,20,4
11,12,2
19,18,2
38,49,2
10,7,-5
27,46,1
16,26,-2
25,14,2
44,0,-1
10,12,-2
26,43,1
49,10,0
7,19,-1
46,24,0
20,44,-1
29,38,2
18,27,4
12,25,-2
0,16,-1
14,11,0
44,38,0
43,10,1
49,0,2
27,26,-2
25,20,5
43,46,-1
16,18,0
44,49,-1
38,7,0
19,12,1
10,29,0
24,0,3
11,26,-1
27,14,0
18,11,2
7,43,1
49,19,1
46,38,3
12,16,-1
29,25,-1
20,27,0
14,44,3
0,10,0
26,24,1
25,49,2
19,29,-4
16,7,2
38,20,0
43,18,0
11,0,-2
44,46,-3
10,26,-3
24,14,0
27,12,-2
25,30,3
46,26,-5
16,18,0
7,36,0
11,38,3
44,10,-3
43,1,2
24,49,0
29,0,-1
27,14,4
0,11,1
10,46,0
30,29,2
1,7,-1
18,44,1
38,25,-1
26,43,0
36,16,1
14,24,0
49,27,0
1,18,2
30,14,-1
10,38,-2
44,46,-2
27,16,-1
36,24,-1
25,0,2
7,26,-2
43,29,-1
49,11,0
38,27,0
24,7,2
16,1,1
26,10,4
14,36,0
46,30,2
29,44,0
11,25,-3
18,49,1
0,43,0
25,29,2
49,14,-3
43,16,4
10,11,0
36,38,-1
27,24,1
30,26,1
7,18,2
44,0,0
1,46,0
38,7,-2
24,43,1
11,30,2
26,44,8
18,36,-2
29,10,0
16,49,0
46,27,2
0,1,1
14,25,-1
36,25,-1
7,46,0
49,44,2
1,11,0
43,38,1
16,30,2
14,10,2
18,26,-2
24,29,5
27,0,0
10,43,3
44,36,0
25,24,1
30,1,-4
11,18,1
46,16,-1
26,49,-2
0,7,1
38,14,-3
29,27,1
18,46,2
49,38,0
14,29,1
1,10,1
24,11,1
7,30,0
43,44,0
16,26,-2
27,25,0
36,0,1
38,24,-9
26,1,3
46,36,0
44,7,0
10,18,1
11,14,-2
29,49,0
0,16,0
25,43,1
30,27,-2
7,27,1
36,11,3
26,38,1
0,49,0
10,30,2
1,25,-1
46,29,-1
44,14,-1
16,24,-2
18,43,0
30,44,-2
14,16,2
38,18,-1
29,7,1
11,46,3
43,36,0
24,0,2
27,10,2
49,1,1
25,26,2
46,43,-1
10,24,-2
44,11,-3
16,25,-1
0,38,0
18,30,-2
7,49,-1
26,14,1
36,27,0
1,29,2
29,26,0
43,7,1
11,16,-2
25,10,1
14,46,-1
38,44,1
49,36,0
30,0,0
24,18,1
27,1,0
16,7,1
11,26,-3
49,46,2
38,30,1
24,44,2
14,1,1
27,43,1
25,18,3
36,29,-2
0,10,-1
18,14,2
44,16,0
7,25,-3
43,11,5
26,27,-1
30,36,-1
1,24,-3
29,38,1
10,49,0
46,0,-2
25,44,2
11,29,1
14,7,-1
36,1,2
24,30,0
38,46,-1
49,43,-1
27,18,0
0,26,-3
16,10,0
18,0,0
29,16,1
1,38,-2
10,36,-1
30,49,-1
7,11,-1
26,24,2
44,27,2
43,14,-2
43,10,1
14,38,-2
16,46,1
1,30,1
18,11,1
7,0,0
36,44,0
27,29,3
24,25,-4
49,26,1
10,7,2
29,18,-1
38,16,0
44,1,3
46,24,-1
30,43,0
11,27,-2
0,14,-1
25,49,1
26,36,2
11,1,-1
10,14,0
38,43,1
44,49,1
29,24,-3
30,16,0
26,18,1
46,7,4
0,27,2
25,36,2
36,46,1
16,0,0
24,38,-1
18,10,1
14,11,3
49,29,0
27,30,4
43,25,-1
7,44,-3
1,26,-5
44,43,0
26,16,0
30,7,1
0,36,0
38,49,-1
46,18,0
10,1,0
29,14,1
11,24,1
25,27,2
16,38,-2
1,44,1
18,29,0
7,10,2
36,26,-1
14,0,0
43,30,1
24,46,3
27,11,-2
49,25,-1
46,25,-2
24,14,0
46,10,0
29,30,0
16,36,-1
44,18,-1
7,1,1
25,38,4
27,49,0
11,0,0
43,26,2
18,16,2
10,44,0
36,7,1
49,24,0
38,11,-1
30,25,-1
1,43,-1
0,29,4
14,27,-2
26,46,2
14,43,1
38,1,2
16,29,1
11,7,3
36,10,0
24,26,-1
27,44,3
49,30,3
0,18,1
25,46,1
30,24,1
10,16,-1
7,14,0
46,38,2
29,11,0
44,25,3
43,49,-1
18,27,0
25,7,1
38,29,-1
0,46,1
36,30,1
49,10,0
16,44,1
11,43,0
14,18,4
27,26,2
24,1,4
1,36,0
26,0,3
30,38,-3
43,27,0
44,24,0
10,0,1
46,49,-2
7,16,-2
29,36,3
1,14,-1
18,25,0
26,11,5
24,10,0
43,46,2
29,1,0
30,18,-1
49,7,1
27,36,3
25,16,4
38,0,-2
11,44,1
14,26,1
1,49,-1
44,38,-2
16,11,-1
10,27,-3
0,30,4
7,29,-3
18,24,1
46,14,1
36,43,2
26,25,4
30,10,-1
27,7,3
24,16,3
49,0,-2
14,44,3
11,36,0
29,46,0
25,1,2
38,26,1
43,18,1
44,30,1
16,14,-1
0,24,0
36,49,1
46,11,-1
26,29,5
10,25,-2
18,38,0
7,43,0
1,27,-3
30,46,-4
44,29,1
25,11,0
36,14,3
10,26,-5
49,18,3
1,16,2
43,0,1
7,24,3
27,38,0
14,30,1
11,49,0
29,43,-2
26,7,1
0,25,1
24,36,2
18,1,0
38,10,0
16,27,-2
46,44,2
30,11,-2
7,38,-2
43,24,3
36,18,-1
10,29,0
49,16,2
44,26,-4
1,0,1
27,46,0
25,14,2
11,10,-1
46,1,0
0,44,1
16,43,0
18,7,-2
14,49,2
29,25,-2
24,27,-2
26,30,5
38,36,2
19,0,-3
16,38,1
25,23,1
46,29,-2
45,24,-3
43,18,-1
36,49,-2
10,14,-2
18,45,3
23,19,1
27,16,-2
0,46,1
38,43,-3
29,10,-3
14,25,-2
24,11,2
1,36,1
49,26,-2
10,27,-1
16,18,-1
45,14,0
11,38,-1
36,23,-1
43,29,0
26,24,-3
46,49,4
19,1,-3
25,0,2
14,16,4
18,10,2
23,26,0
29,11,2
24,46,-3
38,45,2
0,36,1
49,19,1
27,43,-5
1,25,5
18,25,0
14,38,0
26,0,1
29,27,-3
36,19,0
16,10,0
43,46,0
24,1,-1
45,11,0
23,49,-1
1,23,-3
46,26,0
19,16,-1
27,14,0
25,36,1
38,18,2
49,29,0
0,24,-1
10,45,0
11,43,-1
49,16,2
36,26,-1
11,14,-3
25,46,1
1,38,-1
29,18,1
27,0,-1
43,10,1
19,45,2
23,24,-3
10,11,0
38,29,2
18,27,-2
16,23,3
14,36,3
46,19,1
45,43,-1
24,49,1
26,25,0
0,1,-3
29,14,-2
1,10,-1
43,26,2
27,45,1
19,18,-1
36,46,-1
23,0,0
25,24,3
11,16,1
49,38,0
16,29,-2
10,25,0
26,11,5
18,23,-1
45,36,1
38,27,-1
14,43,0
0,49,-1
24,19,-1
46,1,1
11,18,0
26,19,2
46,27,-2
14,23,2
45,16,-4
36,24,-1
43,0,2
25,49,4
10,38,-1
23,46,-1
49,1,-1
29,45,1
27,26,0
18,14,1
38,36,3
16,43,0
19,25,0
24,10,3
0,11,-1
49,14,1
26,45,0
23,29,3
0,38,0
24,18,-2
25,43,1
46,16,0
19,10,0
1,11,0
36,27,-1
16,25,-7
38,26,-1
18,0,1
29,19,0
10,36,0
43,24,-2
27,23,4
45,1,-3
11,49,1
14,46,3
24,27,0
19,38,0
1,16,3
0,14,2
36,18,-1
26,29,2
23,11,1
46,10,0
25,45,0
49,43,0
16,24,0
14,1,0
11,36,1
45,23,-5
10,0,-1
38,46,0
27,49,1
29,25,0
18,46,-1
27,1,1
43,23,3
16,36,2
10,49,0
45,0,-4
29,24,-1
14,26,-2
38,25,1
11,27,-1
36,29,1
49,18,-1
43,19,0
26,10,1
0,16,0
49,45,-1
23,10,-1
46,11,1
19,14,-1
24,38,2
36,43,-2
25,27,0
26,16,4
0,29,3
46,45,1
24,14,2
26,1,2
19,27,-1
25,11,-1
1,29,2
29,23,-1
16,46,-1
38,0,-2
45,26,-5
11,1,1
14,49,0
10,19,0
18,24,0
27,36,-1
43,25,-2
18,29,-2
45,19,0
26,36,1
16,49,1
0,27,0
38,1,-1
14,11,2
24,23,-2
46,25,-2
10,43,1
49,0,1
36,45,1
27,38,9
29,16,-1
11,26,-2
19,24,-2
23,18,-1
25,10,-1
1,46,-2
43,14,-1
1,0,1
29,38,1
11,10,0
19,46,0
27,18,0
43,45,2
49,24,0
25,26,-3
36,14,-1
23,16,2
24,25,2
16,11,-3
26,43,3
10,1,0
38,49,-1
45,27,0
0,23,2
18,19,-2
46,36,3
14,29,2
18,26,-2
11,19,0
49,23,1
38,14,0
11,45,0
25,18,-2
19,36,1
46,43,1
1,24,-1
0,26,-1
27,29,2
10,16,-1
23,38,3
26,46,1
45,10,1
23,1,-1
29,49,0
16,19,0
24,0,-2
43,11,4
14,27,0
36,25,-2
18,38,1
26,49,3
11,24,0
36,1,1
16,27,0
45,18,-1
25,14,-1
19,43,-1
11,0,0
36,38,-2
1,49,0
10,24,-1
45,29,0
25,19,-1
26,27,-2
43,16,3
14,18,2
46,23,2
26,38,3
29,1,0
23,14,0
16,45,1
18,11,-1
19,26,-3
38,10,-1
24,36,5
0,43,1
27,46,1
49,25,-1
19,23,-1
10,29,3
1,43,-2
46,0,0
14,45,-3
23,36,1
24,26,-2
0,25,-3
38,11,1
29,43,0
1,19,2
27,10,1
18,16,0
49,46,-1
19,49,-1
26,23,-1
25,1,1
16,14,-3
11,29,-1
46,24,1
43,27,-2
36,0,-3
45,38,3
10,18,0
18,43,0
29,46,1
49,36,1
0,19,0
27,11,2
23,25,0
14,10,0
43,38,1
1,26,-1
24,45,3
0,18,-1
25,29,0
46,14,-1
36,10,1
49,11,-4
23,27,0
1,45,0
24,16,1
38,24,0
16,26,-2
10,23,2
14,19,2
18,1,-1
29,0,-2
43,36,4
45,49,0
11,46,-1
24,29,-2
23,43,2
36,16,-2
26,14,-1
25,38,2
49,10,1
1,27,-2
46,18,-1
0,45,2
19,11,-2
38,16,2
27,24,-1
14,0,-1
1,18,0
27,25,-2
29,26,-1
11,23,-4
38,19,2
10,46,0
16,1,1
43,49,2
45,25,-1
18,36,-1
27,19,0
38,23,-2
10,26,1
14,24,1
43,1,-1
18,49,1
29,36,1
16,0,-2
11,25,-3
45,46,-2
24,43,-2
26,18,5
25,16,2
36,11,1
49,27,-1
0,10,2
23,45,2
19,29,-2
1,14,1
46,38,3
9,0,2
27,23,4
44,1,1
14,16,3
18,38,2
11,10,-1
24,49,1
30,25,-3
29,46,-2
43,26,1
25,11,2
23,18,0
1,29,2
16,9,0
26,30,5
10,44,2
38,27,0
49,43,-1
0,14,-2
46,24,3
26,0,5
46,16,0
30,24,-1
10,18,-2
29,38,0
1,9,0
25,14,0
11,23,0
43,44,1
49,27,-1
16,43,3
38,46,0
27,29,3
0,30,1
24,26,-1
44,49,-2
9,10,-1
14,1,3
23,25,-3
18,11,2
29,23,0
49,9,-2
25,16,3
30,44,-2
26,38,0
11,0,-1
1,18,3
46,27,-1
10,24,1
43,14,-3
14,26,-1
27,1,-1
18,30,2
23,46,-1
44,29,0
24,11,0
9,25,0
38,49,-1
0,43,2
16,10,0
27,18,0
23,44,1
49,29,1
11,30,0
14,38,2
10,0,0
16,24,0
46,9,-1
43,1,1
25,26,0
44,25,-5
24,27,2
38,23,1
26,11,2
1,49,-1
30,10,0
9,14,-1
18,46,-1
29,43,-1
0,16,0
0,1,2
14,30,7
38,11,0
16,29,0
18,44,-3
23,49,0
10,26,-3
46,43,1
9,24,-1
27,25,-5
24,0,-2
44,38,-1
29,14,-3
25,10,0
11,9,2
26,16,-2
43,27,-3
30,23,-1
1,46,-3
49,18,1
38,1,1
27,26,-2
16,49,2
14,11,0
9,30,-1
10,29,0
23,24,0
18,43,0
0,44,1
46,25,1
24,14,-3
29,9,0
1,10,2
44,27,3
30,38,1
49,46,1
11,16,0
25,0,4
26,18,3
43,23,1
0,29,2
16,1,-1
30,49,0
25,38,4
10,23,0
9,18,1
24,44,2
26,46,1
14,27,0
29,30,0
23,16,1
49,11,0
38,24,0
44,14,-1
46,10,0
18,25,-3
1,26,-1
43,9,2
27,0,1
46,14,1
49,25,-1
38,10,0
29,11,1
44,26,-2
43,30,3
27,16,1
23,9,0
1,24,1
18,0,1
9,44,1
26,49,1
25,1,1
14,23,1
0,38,3
30,27,-1
11,46,0
24,29,4
16,18,2
30,1,-2
26,23,7
16,38,0
10,49,-1
0,46,2
14,18,0
25,29,2
23,0,-3
49,14,0
29,26,-4
43,25,0
46,38,-1
26,24,3
30,0,-5
43,16,3
1,14,-2
10,9,2
29,27,0
38,43,0
16,30,3
44,46,-3
24,25,1
14,10,0
9,26,-1
27,11,2
0,26,-1
44,43,-1
16,46,-1
23,11,2
18,10,-1
9,1,1
14,25,0
27,49,-1
38,9,3
46,30,2
10,16,0
26,14,1
29,44,0
49,38,2
30,18,1
1,27,0
46,23,-1
25,9,3
10,14,0
24,43,-1
9,27,-2
44,30,-3
18,1,-1
27,46,1
9,49,-1
23,29,-1
38,26,0
24,10,0
16,25,-2
0,11,0
14,43,2
11,44,0
29,18,2
46,44,1
11,27,0
43,38,-1
26,9,2
30,16,0
1,23,0
49,0,-1
25,24,2
27,38,0
9,16,0
18,23,3
44,10,-2
30,26,-4
43,49,-2
11,25,-1
29,1,1
24,46,0
27,10,2
46,29,0
1,44,-1
25,30,2
16,14,-1
0,9,1
38,18,2
10,11,-3
26,43,-1
23,27,-2
49,24,1
11,43,1
44,16,-3
25,23,6
0,49,1
38,30,2
23,43,-4
16,11,0
10,1,-2
27,44,0
9,29,-2
18,26,-1
46,49,1
11,24,-2
24,23,1
49,16,-2
1,38,4
29,10,1
30,9,-2
11,14,-4
25,46,1
44,0,-1
26,27,3
43,18,5
49,44,4
23,1,-3
38,29,-1
30,14,-2
10,25,-2
9,11,2
27,43,1
23,30,1
14,29,1
46,1,1
38,44,-1
18,49,-1
0,24,2
16,26,0
10,43,-2
0,25,-2
18,29,1
49,23,-1
1,0,-1
24,9,1
43,46,2
25,44,2
23,38,0
11,26,-2
49,1,1
14,9,-3
10,30,0
27,24,0
46,18,1
43,29,4
16,0,3
11,18,1
29,49,1
18,27,1
0,10,-1
38,14,-6
44,23,-3
1,43,-4
30,11,2
9,46,2
24,16,1
26,25,0
43,10,-1
27,30,1
38,0,1
44,9,-1
46,11,0
29,24,1
25,27,4
18,24,0
14,0,-2
29,16,1
26,10,3
11,38,2
0,27,2
26,44,4
24,1,0
30,29,-3
9,43,0
14,46,1
11,49,1
10,38,0
25,18,2
16,23,0
27,14,0
29,25,-1
44,11,-1
38,16,-1
49,10,-3
1,30,2
23,26,-4
43,24,2
18,14,1
46,0,-1
27,9,3
14,49,0
9,38,3
16,44,1
11,1,-2
10,27,4
25,43,0
30,46,-4
0,23,1
24,18,-1
26,29,5
1,25,-1
24,30,3
44,18,0
23,14,-3
49,26,-4
43,0,3
43,11,1
44,24,-4
46,26,0
23,10,0
49,30,0
1,16,0
18,9,-1
29,0,2
38,25,-1
1,11,0
14,24,0
18,16,1
10,46,2
9,23,-1
24,38,3
0,18,4
16,27,1
30,43,-5
11,29,-1
25,49,2
26,1,1
14,44,1
16,0,-2
19,25,0
43,38,3
29,31,2
23,49,1
7,1,2
18,14,-1
24,9,0
27,10,-1
46,26,-2
1,18,1
26,7,4
38,23,0
49,19,0
0,24,2
10,29,0
9,27,4
31,46,1
14,43,0
25,16,0
43,49,1
24,38,-1
18,31,0
16,1,2
19,9,1
7,0,-3
23,14,3
46,10,-2
29,26,0
27,25,1
38,27,-1
26,16,2
10,23,1
14,24,1
9,18,0
25,7,9
0,19,1
49,29,0
1,46,-1
31,43,-2
19,10,1
16,9,0
38,14,1
23,18,0
7,49,0
26,31,6
0,1,1
46,43,0
25,29,1
24,27,-1
18,25,0
31,7,-1
49,38,1
29,16,0
9,23,3
43,19,1
14,46,1
1,26,0
10,24,3
27,0,2
1,38,1
31,19,-1
49,26,-3
29,7,0
43,24,4
9,0,-3
18,46,1
0,43,2
38,18,-1
16,14,-1
25,10,0
19,29,-3
7,9,0
46,49,2
26,27,3
23,1,0
24,31,4
7,24,1
29,9,4
26,38,4
14,49,3
10,43,-1
46,19,2
16,23,1
0,25,1
18,27,-1
31,1,0
9,10,2
24,16,0
19,7,0
49,31,1
43,18,2
38,46,0
1,14,-2
23,0,-1
27,29,0
25,26,1
10,31,0
16,49,1
7,38,-1
9,14,0
25,46,1
29,18,1
27,43,2
19,1,3
24,23,2
31,25,1
18,16,3
26,10,2
14,27,0
1,9,4
49,24,-4
23,19,-1
38,0,0
43,29,-1
46,7,2
24,26,-1
9,49,0
16,38,1
29,1,4
10,14,3
7,43,-1
19,18,0
25,23,-1
0,31,5
27,46,1
31,9,0
23,7,1
26,19,1
49,10,-1
18,24,-2
14,0,-1
46,16,-1
38,29,-3
1,27,2
43,25,-1
26,9,-1
43,23,1
25,38,2
7,18,3
46,24,-2
31,16,1
29,14,1
49,0,-2
10,1,-1
19,27,-1
9,43,0
38,10,-2
24,29,-3
16,19,-3
18,49,-1
1,25,-2
0,46,2
14,7,2
27,31,3
23,26,-2
46,9,-2
25,24,1
49,27,-1
29,23,0
19,38,1
26,18,0
7,16,-2
10,0,-2
43,1,-2
31,14,0
9,25,2
24,19,-1
18,10,-3
0,29,0
27,7,3
38,31,-1
23,46,0
1,49,0
16,43,-4
14,26,-1
19,14,1
1,23,1
27,26,1
18,38,-1
49,46,1
31,24,2
10,25,3
9,7,2
14,16,1
29,19,1
43,0,-2
16,27,0
26,43,2
25,14,0
7,31,0
38,1,-1
24,10,0
46,18,2
16,29,0
26,49,3
23,9,0
0,27,1
19,43,-1
14,19,0
18,0,1
1,24,-2
49,25,3
27,16,1
10,7,1
9,38,3
29,46,0
31,23,1
43,26,1
27,23,0
46,14,0
24,43,3
16,10,0
0,9,0
38,49,-1
19,31,2
7,29,0
23,27,-2
26,1,2
25,18,2
0,26,-2
1,0,-2
10,19,-1
31,26,0
14,38,-1
18,23,1
49,7,-1
9,16,0
29,25,-2
27,24,3
43,46,2
19,49,0
24,0,-1
18,1,-2
46,31,4
23,38,1
7,26,-3
16,25,0
43,14,2
0,18,4
25,49,2
26,29,2
0,7,1
1,16,1
14,23,1
10,46,4
49,43,1
38,24,1
31,18,0
25,27,7
9,19,1
7,25,1
23,10,0
18,9,1
24,14,-2
43,31,2
16,26,-1
27,38,0
19,0,-3
46,1,0
29,49,1
38,9,-2
10,16,1
31,29,-1
49,23,-2
9,24,0
1,7,3
38,43,0
14,18,0
0,16,3
26,25,3
0,23,3
31,49,0
10,9,0
16,24,1
7,19,1
14,1,-2
46,38,1
29,27,2
18,43,0
23,31,1
7,10,-2
24,1,-1
14,25,0
27,9,1
46,29,-4
27,18,2
19,46,-1
1,31,2
24,7,-1
9,29,-1
49,14,1
43,10,1
38,26,-3
23,16,-4
25,0,0
1,29,3
14,10,-1
38,16,-2
49,9,2
43,7,-1
18,19,-2
26,24,2
46,0,0
31,27,-2
23,25,-5
0,38,0
19,23,1
16,18,0
9,1,0
25,31,1
24,49,1
7,46,-4
29,43,5
49,16,2
1,19,1
23,24,0
31,10,2
14,9,-2
46,25,-1
26,0,3
18,29,-3
38,7,-1
43,27,0
16,46,1
10,49,6
9,31,1
27,1,1
7,23,3
29,38,2
19,26,-1
25,43,1
24,18,0
0,14,2
25,19,1
26,46,3
10,27,1
43,16,1
49,1,1
7,14,-2
26,23,1
25,9,1
29,0,-2
46,27,1
19,24,2
10,18,-4
31,38,1
23,29,0
1,43,1
14,31,0
16,7,2
38,19,-2
27,49,2
18,26,-3
9,46,2
0,10,-3
24,25,-3
29,10,3
43,9,-2
25,1,0
19,16,0
7,27,-1
49,18,0
31,0,1
46,23,2
10,38,2
26,14,1
29,24,0
10,26,0
27,14,3
16,31,0
14,29,0
27,19,1
0,49,5
38,25,0
18,7,1
24,46,1
1,10,1
23,43,-3
9,26,1
